﻿<?xml version="1.0" encoding="utf-8"?>
<DesignerParts>
  <DesignerPart name="(AM-SAP) BE-3U" category="Propulsion" description="Engine by Aerojet Mariodyne, Fuel HydroLOX, Isp: Vac=441s, Thrust: Vac=715kn" order="1000">
    <Assembly xmlVersion="8">
      <Parts>
        <Part id="2" partType="Fuselage1" position="-0.04213762,0.8658769,-0.07473803" rotation="2.390566E-05,-1.000516E-05,-8.717519E-09" name="(AM-SAP) BE-3U" materials="2,2,2,2,2" texture="Default">
          <Drag drag="0.007113538,0.007113538,0,0,0.007113538,0.007113538" area="0.01009621,0.01009621,0,0,0.01009621,0.01009621" />
          <Config massScale="0" />
          <Fuselage bottomScale="0.05,0.05" offset="-3.595173E-15,0.05307097,4.01617E-10" topScale="0.07045819,0.07045819" />
          <FuelTank capacity="0.6716886" fuel="0.6716886" fuelType="LOX/LH2" />
        </Part>
        <Part id="3" partType="Fuselage1" position="-0.04213762,0.7155207,-0.07474208" rotation="2.390566E-05,-1.000516E-05,-8.717519E-09" name="(AM-SAP) BE-3U" materials="2,2,2,2,2" texture="Default">
          <Drag drag="0.0152103,0.0152103,0,0,0.0152301,0.00913278" area="0.01682701,0.01682701,0,0,0.01682701,0.01009621" />
          <Config massScale="0" />
          <Fuselage bottomScale="0.05,0.05" offset="-6.925064E-15,0.09727828,-3.061341E-11" topScale="0.05,0.05" />
          <FuelTank capacity="0.840424061" fuel="0.840424061" fuelType="LOX/LH2" />
        </Part>
        <Part id="4" partType="Fuselage1" position="-0.04213715,0.5090314,-0.07474732" rotation="2.732076E-05,-1.722221E-05,2.658498E-05" name="(AM-SAP) BE-3U" materials="3,3,3,3,3" texture="Default">
          <Drag drag="0.02407253,0.02407253,0,0,0.02407253,0.01211545" area="0.03365402,0.03365402,0,0,0.03365402,0.01682701" />
          <Config massScale="0" />
          <Fuselage bottomScale="0.07037377,0.07037377" offset="-5.149484E-10,0.1091992,3.767243E-09" topScale="0.07037377,0.07037377" />
          <FuelTank capacity="1.86889" fuel="1.86889" fuelType="LOX/LH2" />
        </Part>
        <Part id="5" partType="Fuselage1" position="-0.04213715,0.3060453,-0.07475042" rotation="2.732077E-05,-2.442591E-05,6.766616E-05" name="(AM-SAP) BE-3U" materials="2,2,2,2,2" texture="Default">
          <Drag drag="0.009119582,0.003035462,0,0,0.00304206,0.007641445" area="0.01009621,0.003365403,0,0,0.003365403,0.008413507" />
          <Config massScale="0" />
          <Fuselage bottomScale="0.05,0.05" offset="-4.42222E-10,0.09377868,2.700382E-24" topScale="0.05,0.05" />
          <FuelTank capacity="0.810189664" fuel="0.810189664" fuelType="LOX/LH2" />
        </Part>
        <Part id="6" partType="RocketEngine1" position="-0.04213715,0.2969663,-0.07475185" rotation="2.732077E-05,-2.442591E-05,6.766616E-05" name="(AM-SAP) BE-3U" activationStage="0" materials="2,2,2,2,4" nozzleExtensionTexture="RocketEngine_Extension4">
          <Drag drag="3.295455,3.21252,0.1906913,1.027084,3.215133,3.272188" area="4.366723,4.262392,1.109687,2.922568,4.264074,4.33475" />
          <Config massScale="0.9" partScale="0.8,0.8,0.8" />
          <FuelSource fuelTankPartIds="2,3,4,5" fuelType="LOX/LH2" totalCapacity="4.191192" totalFuel="4.191192" />
          <RocketEngine chamberPressure="450" engineSubTypeId="Staged1" mass="12.6491623" nozzleSize="8" nozzleThroatSize="0.08" price="2932874" size="0.285" />
        </Part>
        <Part id="7" partType="Fuselage1" position="-0.04213715,0.09747308,-0.0747571" rotation="-2.390566E-05,180,1.687741E-05" name="(AM-SAP) BE-3U" materials="2,2,2,2,2" texture="Default">
          <Drag drag="0,0.0394544,0,0,0.01574481,0" area="0,0.04711564,0,0,0.02019241,0" />
          <Config massScale="0" />
          <Fuselage bottomScale="0.09434769,0.09434769" offset="1.362519E-08,0.2945545,1.970361E-08" topScale="0.04305238,0.04305238" />
          <FuelTank capacity="5.027406" fuel="5.027406" fuelType="LOX/LH2" />
        </Part>
        <Part id="8" partType="Fuselage1" position="-0.04213715,-0.2797173,-0.07476449" rotation="-2.390566E-05,180,7.212421E-06" name="(AM-SAP) BE-3U" materials="2,2,2,2,2" texture="Default">
          <Drag drag="0.01102004,0.03168098,0,0,0.02591361,0.01153475" area="0.01850971,0.04543294,0,0,0.03701943,0.02019241" />
          <Config massScale="0" />
          <Fuselage bottomScale="0.1916921,0.1916921" offset="1.362267E-08,0.08259787,1.970093E-08" topScale="0.09736517,0.09736517" />
          <FuelTank capacity="6.174016" fuel="6.174016" fuelType="LOX/LH2" />
        </Part>
        <Part id="9" partType="Fuselage1" position="-0.04213715,-0.4139772,-0.0747695" rotation="-2.732075E-05,180,-2.901961E-05" name="(AM-SAP) BE-3U" materials="2,2,2,2,2" texture="Default">
          <Drag drag="0.008321123,0.02246242,0,0,0.02207969,0.008261735" area="0.01682701,0.03701943,0,0,0.03701943,0.01682701" />
          <Config massScale="0" />
          <Fuselage bottomScale="0.2629992,0.2629992" offset="1.362248E-08,0.05164979,1.970279E-08" topScale="0.2013397,0.2013397" />
          <FuelTank capacity="9.677574" fuel="9.677574" fuelType="LOX/LH2" />
        </Part>
        <Part id="10" partType="Fuselage1" position="-0.04213667,-0.4914583,-0.0747714" rotation="-2.732075E-05,180,-2.901961E-05" name="(AM-SAP) BE-3U" materials="2,2,2,2,2" texture="Default">
          <Drag drag="0.0180346,0.03411595,0,0.2106256,0.03414235,0.01926198" area="0.02692322,0.04711564,0,0.2106256,0.04711564,0.02860592" />
          <Config massScale="0" partScale="0.5,0.5,0.5" />
          <Fuselage bottomScale="0.5396154,0.5396154" offset="1.362248E-08,0.05164979,1.970279E-08" topScale="0.5396154,0.5396154" />
          <FuelTank capacity="51.9732437" fuel="51.9732437" fuelType="LOX/LH2" />
        </Part>
        <Part id="11" partType="Fuselage1" position="-0.2060351,-0.1146039,-0.03313035" rotation="359.9341,82.5013,270.0014" name="(AM-SAP) BE-3U" materials="2,2,2,2,2" texture="Default">
          <Drag drag="0,0,0,0,0.01620673,0.002672526" area="0,0,0,0,0.02355782,0.003365403" />
          <Config massScale="0" fuelLine="true" />
          <Fuselage bottomScale="0.1055795,0.1055795" offset="5.076979E-08,0.05406806,2.533054E-07" topScale="0.1055795,0.1055795" />
          <FuelTank capacity="2.082776" fuel="2.082776" fuelType="LOX/LH2" />
        </Part>
        <Part id="12" partType="Fuselage1" position="-0.1959314,-0.114603,-0.1098895" rotation="359.9341,82.5013,270.0014" name="(AM-SAP) BE-3U" materials="2,2,2,2,2" texture="Default">
          <Drag drag="0,0,0,0,0.008664263,0" area="0,0,0,0,0.01682701,0" />
          <Config massScale="0" fuelLine="true" partScale="0.45,0.45,0.45" />
          <Fuselage bottomScale="0.2240245,0.2240245" offset="7.276392E-08,0.05187981,2.346851E-07" topScale="0.2803251,0.2803251" />
          <FuelTank capacity="11.4483938" fuel="11.4483938" fuelType="LOX/LH2" />
        </Part>
        <Part id="13" partType="Fuselage1" position="-0.1898375,-0.1146011,-0.1561844" rotation="359.9341,82.5013,270.0014" name="(AM-SAP) BE-3U" materials="3,9,9,9,9" texture="Default">
          <Drag drag="0,0,0,0,0.008228741,0" area="0,0,0,0,0.01009621,0" />
          <Config massScale="0" fuelLine="true" partScale="0.45,0.45,0.45" />
          <Fuselage bottomScale="0.2896321,0.2896321" offset="7.276392E-08,0.05187981,2.346851E-07" topScale="0.2896321,0.2896321" />
          <FuelTank capacity="15.0395336" fuel="15.0395336" fuelType="LOX/LH2" />
        </Part>
        <Part id="14" partType="Fuselage1" position="-0.1837444,-0.1146011,-0.2024795" rotation="359.9341,82.5013,270.0014" name="(AM-SAP) BE-3U" materials="2,2,2,2,2" texture="Fuselage9" textureTiling="4,1">
          <Drag drag="0,0.02526692,0,0,0.002335986,0.001986247" area="0,0.03028862,0,0,0.006730806,0.005048104" />
          <Config massScale="0" fuelLine="true" partScale="0.45,0.45,0.45" />
          <Fuselage bottomScale="0.2896321,0.2896321" offset="7.276392E-08,0.05187981,2.346851E-07" topScale="0.1529542,0.1529542" />
          <FuelTank capacity="9.058743" fuel="9.058743" fuelType="LOX/LH2" />
        </Part>
        <Part id="15" partType="Fuselage1" position="-0.1773748,-0.1146001,-0.2508643" rotation="359.9341,82.5013,270.0014" name="(AM-SAP) BE-3U" materials="2,2,2,2,2" texture="Default">
          <Drag drag="0,0,0,0,0.004586186,0.001425347" area="0,0,0,0,0.006730806,0.003365403" />
          <Config massScale="0" partScale="0.45,0.45,0.45" />
          <Fuselage bottomScale="0.1529542,0.1529542" offset="7.947072E-08,0.05656338,4.656605E-07" topScale="0.1529542,0.1529542" />
          <FuelTank capacity="4.57299566" fuel="4.57299566" fuelType="LOX/LH2" />
        </Part>
        <Part id="16" partType="Fuselage1" position="-0.1679425,-0.114593,-0.2920102" rotation="359.9344,77.50126,270.0072" name="(AM-SAP) BE-3U" materials="2,2,2,2,2" texture="Default">
          <Drag drag="0,0.003292816,0,0,0.001385754,0" area="0,0.008413507,0,0,0.001682701,0" />
          <Config massScale="0" partScale="0.45,0.45,0.45" />
          <Fuselage bottomScale="0.1529542,0.1529542" offset="7.947072E-08,0.05656338,4.656605E-07" topScale="0.1150814,0.1150814" />
          <FuelTank capacity="3.53413868" fuel="3.53413868" fuelType="LOX/LH2" />
        </Part>
        <Part id="17" partType="Fuselage1" position="-0.1542382,-0.1145801,-0.3259369" rotation="359.9386,62.50137,270.0238" name="(AM-SAP) BE-3U" materials="2,2,2,2,2" texture="Default">
          <Drag drag="0,0.00141215,0,0,0.0007786619,0" area="0,0.003365403,0,0,0.001682701,0" />
          <Config massScale="0" partScale="0.45,0.45,0.45" />
          <Fuselage bottomScale="0.1150814,0.1150814" offset="7.947072E-08,0.05656338,4.656605E-07" topScale="0.1150814,0.1150814" />
          <FuelTank capacity="2.58873868" fuel="2.58873868" fuelType="LOX/LH2" />
        </Part>
        <Part id="18" partType="Fuselage1" position="-0.1326766,-0.1145591,-0.3558935" rotation="359.9469,47.5013,270.0389" name="(AM-SAP) BE-3U" materials="2,2,2,2,2" texture="Default">
          <Drag drag="0,0,0,0,0.004520198,0" area="0,0,0,0,0.006730806,0" />
          <Config massScale="0" partScale="0.45,0.45,0.45" />
          <Fuselage bottomScale="0.1150814,0.1150814" offset="7.947072E-08,0.05656338,4.656605E-07" topScale="0.1150814,0.1150814" />
          <FuelTank capacity="2.58873868" fuel="2.58873868" fuelType="LOX/LH2" />
        </Part>
        <Part id="19" partType="Fuselage1" position="-0.1076422,-0.1145319,-0.3756739" rotation="359.9633,27.50131,270.0546" name="(AM-SAP) BE-3U" materials="2,2,2,2,2" texture="Default">
          <Drag drag="0,0.002725317,0,0,0,0" area="0,0.003365403,0,0,0,0" />
          <Config massScale="0" partScale="0.45,0.45,0.45" />
          <Fuselage bottomScale="0.1150814,0.1150814" offset="7.947072E-08,0.05656338,4.656605E-07" topScale="0.1150814,0.1150814" />
          <FuelTank capacity="2.58873868" fuel="2.58873868" fuelType="LOX/LH2" />
        </Part>
        <Part id="20" partType="Fuselage1" position="-0.06961393,-0.1144931,-0.3913513" rotation="359.9734,17.50133,270.0602" name="(AM-SAP) BE-3U" materials="2,2,2,2,2" texture="Default">
          <Drag drag="0,0.00292988,0,0,0.003207031,0" area="0,0.003365403,0,0,0.003365403,0" />
          <Config massScale="0" partScale="0.45,0.45,0.45" />
          <Fuselage bottomScale="0.1150814,0.1150814" offset="7.947072E-08,0.05656338,4.656605E-07" topScale="0.1157165,0.1157165" />
          <FuelTank capacity="2.60305166" fuel="2.60305166" fuelType="LOX/LH2" />
        </Part>
        <Part id="21" partType="Fuselage1" position="-0.02170801,-0.1144401,-0.388456" rotation="0.001300297,350.0013,269.9998" name="(AM-SAP) BE-3U" materials="2,2,2,2,2" texture="Default">
          <Drag drag="0,0.006618626,0,0,0,0" area="0,0.01009621,0,0,0,0" />
          <Config massScale="0" partScale="0.45,0.45,0.45" />
          <Fuselage bottomScale="0.1157165,0.1157165" offset="-1.655666E-08,0.1086369,7.616019E-07" topScale="0.1157165,0.1157165" />
          <FuelTank capacity="5.0270195" fuel="5.0270195" fuelType="LOX/LH2" />
        </Part>
        <Part id="22" partType="Fuselage1" position="0.04859734,-0.1144401,-0.3760587" rotation="0.001300297,350.0013,269.9998" name="(AM-SAP) BE-3U" materials="2,2,2,2,2" texture="Default">
          <Drag drag="0,0.003055258,0,0,0,0.001926858" area="0,0.003365403,0,0,0,0.003365403" />
          <Config massScale="0" partScale="0.45,0.45,0.45" />
          <Fuselage bottomScale="0.127748,0.127748" offset="-6.208793E-09,0.05000002,1.225203E-06" topScale="0.127748,0.127748" />
          <FuelTank capacity="2.8198173" fuel="2.8198173" fuelType="LOX/LH2" />
        </Part>
        <Part id="23" partType="Fuselage1" position="0.09404802,-0.1144401,-0.368045" rotation="0.001300297,350.0013,269.9998" name="(AM-SAP) BE-3U" materials="2,2,2,2,2" texture="Default">
          <Drag drag="0,0.003002468,0,0,0,0" area="0,0.003365403,0,0,0,0" />
          <Config massScale="0" partScale="0.45,0.45,0.45" />
          <Fuselage bottomScale="0.1157165,0.1157165" offset="-6.208798E-09,0.05256162,1.225204E-06" topScale="0.1157165,0.1157165" />
          <FuelTank capacity="2.432215" fuel="2.432215" fuelType="LOX/LH2" />
        </Part>
        <Part id="24" partType="Fuselage1" position="0.1307569,-0.1144411,-0.3585569" rotation="0.001231995,340.0014,89.99961" name="(AM-SAP) BE-3U" materials="2,2,2,2,2" texture="Default">
          <Drag drag="0,0,0,0,0,0.003167438" area="0,0,0,0,0,0.003365403" />
          <Config massScale="0" partScale="0.45,0.45,0.45" />
          <Fuselage bottomScale="0.1157165,0.1157165" offset="-6.208798E-09,0.05256162,1.225204E-06" topScale="0.1157165,0.1157165" />
          <FuelTank capacity="2.432215" fuel="2.432215" fuelType="LOX/LH2" />
        </Part>
        <Part id="25" partType="Fuselage1" position="0.1626477,-0.1144411,-0.3430449" rotation="0.001142349,330.0013,89.99935" name="(AM-SAP) BE-3U" materials="2,2,2,2,2" texture="Default">
          <Drag drag="0,0.001676103,0,0,0,0" area="0,0.003365403,0,0,0,0" />
          <Config massScale="0" partScale="0.45,0.45,0.45" />
          <Fuselage bottomScale="0.1168699,0.1168699" offset="-6.208798E-09,0.05256162,1.225204E-06" topScale="0.1168699,0.1168699" />
          <FuelTank capacity="2.48094225" fuel="2.48094225" fuelType="LOX/LH2" />
        </Part>
        <Part id="26" partType="Fuselage1" position="0.1922121,-0.1144401,-0.3223952" rotation="0.001055264,320.0014,89.99909" name="(AM-SAP) BE-3U" materials="2,2,2,2,2" texture="Default">
          <Drag drag="0,0.004513599,0,0,0,0.002573543" area="0,0.006730806,0,0,0,0.003365403" />
          <Config massScale="0" partScale="0.45,0.45,0.45" />
          <Fuselage bottomScale="0.1168699,0.1168699" offset="-6.208798E-09,0.05256162,1.225204E-06" topScale="0.1168699,0.1168699" />
          <FuelTank capacity="2.48094225" fuel="2.48094225" fuelType="LOX/LH2" />
        </Part>
        <Part id="27" partType="Fuselage1" position="0.219099,-0.1144411,-0.2965136" rotation="0.0008503586,310.0013,89.99895" name="(AM-SAP) BE-3U" materials="2,2,2,2,2" texture="Default">
          <Drag drag="0,0,0,0,0,0.002164416" area="0,0,0,0,0,0.003365403" />
          <Config massScale="0" partScale="0.45,0.45,0.45" />
          <Fuselage bottomScale="0.1168699,0.1168699" offset="-6.208798E-09,0.05256162,1.225204E-06" topScale="0.1168699,0.1168699" />
          <FuelTank capacity="2.48094225" fuel="2.48094225" fuelType="LOX/LH2" />
        </Part>
        <Part id="28" partType="Fuselage1" position="0.2335725,-0.1144411,-0.2714148" rotation="0.0004883585,290.0015,89.99883" name="(AM-SAP) BE-3U" materials="2,2,2,2,2" texture="Default">
          <Drag drag="0,0,0,0,0,0.001148196" area="0,0,0,0,0,0.003365403" />
          <Config massScale="0" partScale="0.45,0.45,0.45" />
          <Fuselage bottomScale="0.1168699,0.1168699" offset="-6.208798E-09,0.05256162,1.225204E-06" topScale="0.1168699,0.1168699" />
          <FuelTank capacity="2.48094225" fuel="2.48094225" fuelType="LOX/LH2" />
        </Part>
        <Part id="29" partType="Fuselage1" position="0.2436619,-0.114444,-0.2341582" rotation="0.0002458868,280.0014,89.99871" name="(AM-SAP) BE-3U" materials="2,2,2,2,2" texture="Default">
          <Drag drag="0,0.003312612,0,0,0,0.0002903485" area="0,0.003365403,0,0,0,0.001682701" />
          <Config massScale="0" partScale="0.45,0.45,0.45" />
          <Fuselage bottomScale="0.1168699,0.1168699" offset="-6.208798E-09,0.05256162,1.225204E-06" topScale="0.1168699,0.1168699" />
          <FuelTank capacity="2.48094225" fuel="2.48094225" fuelType="LOX/LH2" />
        </Part>
        <Part id="30" partType="Fuselage1" position="0.2266068,-0.114448,0.05480778" rotation="-9.903774E-05,266.2144,89.99862" name="(AM-SAP) BE-3U" materials="2,2,2,2,2" texture="Default">
          <Drag drag="0.003556769,0,0,0,0,0.04142086" area="0.006730806,0,0,0,0,0.04543294" />
          <Config massScale="0" partScale="0.45,0.45,0.45" />
          <Fuselage bottomScale="0.1168699,0.1168699" offset="-3.776322E-07,0.6335477,2.781403E-06" topScale="0.1168699,0.1168699" />
          <FuelTank capacity="29.90386" fuel="29.90386" fuelType="LOX/LH2" />
        </Part>
        <Part id="31" partType="Fuselage1" position="0.2015162,-0.114458,0.3444253" rotation="-0.0004986038,246.2145,89.99865" name="(AM-SAP) BE-3U" materials="2,2,2,2,2" texture="Default">
          <Drag drag="0,0,0,0,0,0.0028177" area="0,0,0,0,0,0.003365403" />
          <Config massScale="0" partScale="0.45,0.45,0.45" />
          <Fuselage bottomScale="0.1168699,0.1168699" offset="-6.208798E-09,0.05256162,1.225204E-06" topScale="0.1168699,0.1168699" />
          <FuelTank capacity="2.48094225" fuel="2.48094225" fuelType="LOX/LH2" />
        </Part>
        <Part id="32" partType="Fuselage1" position="0.1833234,-0.1144549,0.3773409" rotation="-0.0007530284,236.2145,89.99894" name="(AM-SAP) BE-3U" materials="2,2,2,2,2" texture="Default">
          <Drag drag="0,0,0,0,0,0.002560346" area="0,0,0,0,0,0.003365403" />
          <Config massScale="0" partScale="0.45,0.45,0.45" />
          <Fuselage bottomScale="0.1168699,0.1168699" offset="-6.208798E-09,0.05256162,1.225204E-06" topScale="0.1168699,0.1168699" />
          <FuelTank capacity="2.48094225" fuel="2.48094225" fuelType="LOX/LH2" />
        </Part>
        <Part id="33" partType="Fuselage1" position="0.158987,-0.114459,0.4055881" rotation="-0.0009374435,226.2145,89.99904" name="(AM-SAP) BE-3U" materials="2,2,2,2,2" texture="Default">
          <Drag drag="0.004553192,0,0,0,0,0.002223806" area="0.006730806,0,0,0,0,0.003365403" />
          <Config massScale="0" partScale="0.45,0.45,0.45" />
          <Fuselage bottomScale="0.1168699,0.1168699" offset="-6.208798E-09,0.05256162,1.225204E-06" topScale="0.1168699,0.1168699" />
          <FuelTank capacity="2.48094225" fuel="2.48094225" fuelType="LOX/LH2" />
        </Part>
        <Part id="34" partType="Fuselage1" position="0.1353683,-0.114458,0.4229832" rotation="-0.001209797,206.2145,89.99947" name="(AM-SAP) BE-3U" materials="2,2,2,2,2" texture="Default">
          <Drag drag="0,0,0,0,0,0" area="0,0,0,0,0,0" />
          <Config massScale="0" partScale="0.45,0.45,0.45" />
          <Fuselage bottomScale="0.1168699,0.1168699" offset="-6.208798E-09,0.05256162,1.225204E-06" topScale="0.1168699,0.1168699" />
          <FuelTank capacity="2.48094225" fuel="2.48094225" fuelType="LOX/LH2" />
        </Part>
        <Part id="35" partType="Fuselage1" position="0.1071072,-0.114459,0.4328255" rotation="-0.001304993,186.2144,89.99994" name="(AM-SAP) BE-3U" materials="2,2,2,2,2" texture="Default">
          <Drag drag="0.003061857,0,0,0,0,0.001834475" area="0.003365403,0,0,0,0,0.003365403" />
          <Config massScale="0" partScale="0.45,0.45,0.45" />
          <Fuselage bottomScale="0.1168699,0.1168699" offset="-6.208798E-09,0.05256162,1.225204E-06" topScale="0.1168699,0.1168699" />
          <FuelTank capacity="2.48094225" fuel="2.48094225" fuelType="LOX/LH2" />
        </Part>
        <Part id="36" partType="Fuselage1" position="0.02466011,-0.114458,0.4313264" rotation="-0.001296028,176.2146,90.00011" name="(AM-SAP) BE-3U" materials="2,2,2,2,2" texture="Default">
          <Drag drag="0.009185571,0,0,0,0.0002045637,0" area="0.01009621,0,0,0,0.003365403,0" />
          <Config massScale="0" partScale="0.45,0.45,0.45" />
          <Fuselage bottomScale="0.1168699,0.1168699" offset="1.348089E-07,0.1545805,2.532124E-06" topScale="0.1168699,0.1168699" />
          <FuelTank capacity="7.296299" fuel="7.296299" fuelType="LOX/LH2" />
        </Part>
        <Part id="37" partType="Fuselage1" position="-0.2488766,-0.114603,0.35151" rotation="359.9377,102.5014,269.9788" name="(AM-SAP) BE-3U" materials="2,2,2,2,2" texture="Default">
          <Drag drag="0,0,0,0,0,0" area="0,0,0,0,0,0" />
          <Config massScale="0" partScale="0.45,0.45,0.45" />
          <Fuselage bottomScale="0.1168699,0.1168699" offset="-6.208798E-09,0.05256162,1.225204E-06" topScale="0.1168699,0.1168699" />
          <FuelTank capacity="2.48094225" fuel="2.48094225" fuelType="LOX/LH2" />
        </Part>
        <Part id="38" partType="Fuselage1" position="-0.2528229,-0.114612,0.322314" rotation="359.9341,82.5013,270.0013" name="(AM-SAP) BE-3U" materials="2,2,2,2,2" texture="Default">
          <Drag drag="0.003748135,0,0,0,0.004243047,0.001141598" area="0.01009621,0,0,0,0.006730806,0.003365403" />
          <Config massScale="0" partScale="0.45,0.45,0.45" />
          <Fuselage bottomScale="0.1186687,0.1186687" offset="-6.208798E-09,0.05256162,1.225204E-06" topScale="0.1656004,0.1656004" />
          <FuelTank capacity="3.70287132" fuel="3.70287132" fuelType="LOX/LH2" />
        </Part>
        <Part id="39" partType="Fuselage1" position="-0.2466478,-0.114613,0.275408" rotation="359.9341,82.5013,270.0014" name="(AM-SAP) BE-3U" materials="2,2,2,2,2" texture="Default">
          <Drag drag="0,0,0,0,0.005028308,0.0008644466" area="0,0,0,0,0.006730806,0.001682701" />
          <Config massScale="0" partScale="0.45,0.45,0.45" />
          <Fuselage bottomScale="0.1656004,0.1656004" offset="-6.208798E-09,0.05256162,1.225204E-06" topScale="0.1656004,0.1656004" />
          <FuelTank capacity="4.981201" fuel="4.981201" fuelType="LOX/LH2" />
        </Part>
        <Part id="40" partType="Fuselage1" position="-0.2405143,-0.1146101,0.2288099" rotation="359.9341,82.5013,270.0014" name="(AM-SAP) BE-3U" materials="2,2,2,2,2" texture="Default">
          <Drag drag="0.03469004,0,0,0,0.005609005,0.0007324701" area="0.04038483,0,0,0,0.01346161,0.003365403" />
          <Config massScale="0" partScale="0.45,0.45,0.45" />
          <Fuselage bottomScale="0.1637293,0.1637293" offset="7.276392E-08,0.05187981,2.346851E-07" topScale="0.3333976,0.3333976" />
          <FuelTank capacity="11.5069218" fuel="11.5069218" fuelType="LOX/LH2" />
        </Part>
        <Part id="41" partType="Fuselage1" position="-0.2344203,-0.114608,0.1825149" rotation="359.9341,82.5013,270.0014" name="(AM-SAP) BE-3U" materials="3,9,9,9,9" texture="Default">
          <Drag drag="0.006750602,0.003510577,0,0,0.01087487,0.003332409" area="0.008413507,0.005048104,0,0,0.02019241,0.005048104" />
          <Config massScale="0" partScale="0.45,0.45,0.45" />
          <Fuselage bottomScale="0.3447168,0.3447168" offset="7.276392E-08,0.05187981,2.346851E-07" topScale="0.3447168,0.3447168" />
          <FuelTank capacity="21.30423" fuel="21.30423" fuelType="LOX/LH2" />
        </Part>
        <Part id="42" partType="Fuselage1" position="-0.2283268,-0.114607,0.1362181" rotation="359.9341,82.5013,270.0014" name="(AM-SAP) BE-3U" materials="2,2,2,2,2" texture="Fuselage9" textureTiling="4,1">
          <Drag drag="0,0.002467962,0,0,0.008103362,0.005879557" area="0,0.006730806,0,0,0.01346161,0.01009621" />
          <Config massScale="0" partScale="0.45,0.45,0.45" />
          <Fuselage bottomScale="0.3337376,0.3337376" offset="7.276392E-08,0.05187981,2.346851E-07" topScale="0.3003962,0.3003962" />
          <FuelTank capacity="18.0402584" fuel="18.0402584" fuelType="LOX/LH2" />
        </Part>
        <Part id="43" partType="Fuselage1" position="-0.2222323,-0.1146061,0.08992302" rotation="359.9341,82.5013,270.0013" name="(AM-SAP) BE-3U" materials="3,9,9,9,9" texture="Default">
          <Drag drag="0,0.005147087,0,0,0.008413508,0.005133889" area="0,0.006730806,0,0,0.01009621,0.006730806" />
          <Config massScale="0" fuelLine="true" partScale="0.45,0.45,0.45" />
          <Fuselage bottomScale="0.3039062,0.3039062" offset="7.276392E-08,0.05187981,2.346851E-07" topScale="0.3039062,0.3039062" />
          <FuelTank capacity="16.558466" fuel="16.558466" fuelType="LOX/LH2" />
        </Part>
        <Part id="44" partType="Fuselage1" position="-0.2161384,-0.1146051,0.04362786" rotation="359.9341,82.5013,270.0014" name="(AM-SAP) BE-3U" materials="2,2,2,2,2" texture="Fuselage9" textureTiling="3,1">
          <Drag drag="0,0.002626334,0,0,0.006103917,0.005378046" area="0,0.005048104,0,0,0.01009621,0.008413507" />
          <Config massScale="0" fuelLine="true" partScale="0.45,0.45,0.45" />
          <Fuselage bottomScale="0.2896321,0.2896321" offset="7.276392E-08,0.05187981,2.346851E-07" topScale="0.2381402,0.2381402" />
          <FuelTank capacity="12.5241995" fuel="12.5241995" fuelType="LOX/LH2" />
        </Part>
        <Part id="45" partType="Fuselage1" position="-0.2376752,-0.1145841,0.3760259" rotation="359.9487,122.5013,269.9587" name="(AM-SAP) BE-3U" materials="2,2,2,2,2" texture="Default">
          <Drag drag="0.001649707,0,0,0,0.001808079,0" area="0.003365403,0,0,0,0.003365403,0" />
          <Config massScale="0" partScale="0.45,0.45,0.45" />
          <Fuselage bottomScale="0.1168699,0.1168699" offset="-6.208798E-09,0.05256162,1.225204E-06" topScale="0.1168699,0.1168699" />
          <FuelTank capacity="2.48094225" fuel="2.48094225" fuelType="LOX/LH2" />
        </Part>
        <Part id="46" partType="Fuselage1" position="-0.2197828,-0.1145629,0.3961929" rotation="359.9659,142.5015,269.9437" name="(AM-SAP) BE-3U" materials="2,2,2,2,2" texture="Default">
          <Drag drag="0.002045637,0,0,0,0.002665927,0" area="0.003365403,0,0,0,0.003365403,0" />
          <Config massScale="0" partScale="0.45,0.45,0.45" />
          <Fuselage bottomScale="0.1168699,0.1168699" offset="-6.208798E-09,0.05256162,1.225204E-06" topScale="0.1168699,0.1168699" />
          <FuelTank capacity="2.48094225" fuel="2.48094225" fuelType="LOX/LH2" />
        </Part>
        <Part id="47" partType="Fuselage1" position="-0.1946869,-0.114536,0.4101889" rotation="359.9872,162.5014,269.9354" name="(AM-SAP) BE-3U" materials="2,2,2,2,2" texture="Default">
          <Drag drag="0.00101622,0,0,0,0.003207031,0" area="0.003365403,0,0,0,0.003365403,0" />
          <Config massScale="0" partScale="0.45,0.45,0.45" />
          <Fuselage bottomScale="0.1168699,0.1168699" offset="-6.208798E-09,0.05256162,1.225204E-06" topScale="0.1168699,0.1168699" />
          <FuelTank capacity="2.48094225" fuel="2.48094225" fuelType="LOX/LH2" />
        </Part>
        <Part id="48" partType="Fuselage1" position="-0.1149125,-0.114444,0.4201608" rotation="0.001678092,175.1587,269.9342" name="(AM-SAP) BE-3U" materials="2,2,2,2,2" texture="Default">
          <Drag drag="0.009178972,0,0,0,0,0" area="0.01009621,0,0,0,0,0" />
          <Config massScale="0" partScale="0.45,0.45,0.45" />
          <Fuselage bottomScale="0.1168699,0.1168699" offset="2.20314E-06,0.1611344,1.938124E-06" topScale="0.1168699,0.1168699" />
          <FuelTank capacity="7.60564756" fuel="7.60564756" fuelType="LOX/LH2" />
        </Part>
        <Part id="49" partType="Strut1" position="0.2404823,-0.03754193,-0.1520143" rotation="2.390566E-05,180,-5.954396E-06" name="(AM-SAP) BE-3U" materials="2,2,2,2,2" texture="Default">
          <Drag drag="0,0.009112984,0,0,0.00146494,0.009093187" area="0,0.01009621,0,0,0.001682701,0.01009621" />
          <Config massScale="0" />
          <Fuselage bottomScale="0.05,0.05" cornerRadiuses="1,1,1,1,1,1,1,1" offset="-7.164591E-15,0.075147,1.189843E-08" topScale="0.05,0.05" />
        </Part>
        <Part id="50" partType="Fuselage1" position="0.2404823,0.07791704,-0.1520107" rotation="2.390566E-05,180,180" name="(AM-SAP) BE-3U" materials="3,3,3,3,3" texture="Default">
          <Drag drag="0,0.001313167,0,0,0,0.007687636" area="0,0.003365403,0,0,0,0.01009621" />
          <Config massScale="0" partScale="0.45,0.45,0.45" />
          <Fuselage bottomScale="0.1389022,0.1389022" offset="-1.067724E-08,0.08957112,1.972376E-06" topScale="0.1389022,0.1389022" />
          <FuelTank capacity="5.97212458" fuel="5.97212458" fuelType="LOX/LH2" />
        </Part>
        <Part id="51" partType="Strut1" position="0.2404823,0.1087572,-0.1520104" rotation="3.756604E-05,180,-8.201363E-05" name="(AM-SAP) BE-3U" materials="2,2,2,2,2" texture="Default">
          <Drag drag="0,0.009119583,0,0,0.001458341,0.003028863" area="0,0.01009621,0,0,0.001682701,0.003365403" />
          <Config massScale="0" />
          <Fuselage bottomScale="0.05,0.05" cornerRadiuses="1,1,1,1,1,1,1,1" offset="-6.522066E-09,0.05471235,1.396055E-08" topScale="0.05,0.05" />
        </Part>
        <Part id="52" partType="Fuselage1" position="0.2404819,0.4529184,-0.1519995" rotation="3.756604E-05,180,180" name="(AM-SAP) BE-3U" materials="2,2,2,2,2" texture="Default">
          <Drag drag="0,0.04916128,0,0,0.03248604,0.05052724" area="0,0.07067346,0,0,0.03533673,0.07067346" />
          <Config massScale="0" partScale="0.45,0.45,0.45" />
          <Fuselage bottomScale="0.1308638,0.1308638" offset="-5.719176E-08,0.6431956,9.510431E-06" topScale="0.1308638,0.1308638" />
          <FuelTank capacity="38.0649033" fuel="38.0649033" fuelType="LOX/LH2" />
        </Part>
        <Part id="53" partType="Fuselage1" position="0.2404819,0.7665447,-0.1519868" rotation="3.756604E-05,180,180" name="(AM-SAP) BE-3U" materials="3,3,3,3,3" texture="Default">
          <Drag drag="0,0.003055258,0,0,0.003061857,0.003108049" area="0,0.003365403,0,0,0.003365403,0.005048104" />
          <Config massScale="0" partScale="0.45,0.45,0.45" />
          <Fuselage bottomScale="0.137407,0.137407" offset="-9.605536E-09,0.05371735,1.975E-06" topScale="0.1157165,0.1157165" />
          <FuelTank capacity="2.9807384" fuel="2.9807384" fuelType="LOX/LH2" />
        </Part>
        <Part id="54" partType="Strut1" position="0.2156954,-0.02482802,0.2365263" rotation="3.756604E-05,180,6.171894E-06" name="(AM-SAP) BE-3U" materials="2,2,2,2,2" texture="Default">
          <Drag drag="0.008901821,0.003847118,0,0,0.003919704,0.01049874" area="0.01514431,0.005048104,0,0,0.005048104,0.01514431" />
          <Config massScale="0" />
          <Fuselage bottomScale="0.05,0.05" cornerRadiuses="1,1,1,1,1,1,1,1" offset="-7.164591E-15,0.075147,1.189843E-08" topScale="0.05,0.05" />
        </Part>
        <Part id="55" partType="Fuselage1" position="0.2156954,0.09063303,0.2365284" rotation="5.122641E-05,180,180" name="(AM-SAP) BE-3U" materials="3,3,3,3,3" texture="Default">
          <Drag drag="0.008195746,0,0,0,0.003339008,0.00834092" area="0.01009621,0,0,0,0.003365403,0.01009621" />
          <Config massScale="0" partScale="0.45,0.45,0.45" />
          <Fuselage bottomScale="0.1389022,0.1389022" offset="-1.067724E-08,0.08957112,1.972376E-06" topScale="0.1389022,0.1389022" />
          <FuelTank capacity="5.97212458" fuel="5.97212458" fuelType="LOX/LH2" />
        </Part>
        <Part id="56" partType="Strut1" position="0.2156954,0.1141021,0.2365305" rotation="5.122642E-05,180,-6.382423E-05" name="(AM-SAP) BE-3U" materials="2,2,2,2,2" texture="Default">
          <Drag drag="0.002949677,0.001260376,0,0,0.007153131,0.003490781" area="0.005048104,0.001682701,0,0,0.01177891,0.005048104" />
          <Config massScale="0" />
          <Fuselage bottomScale="0.05,0.05" cornerRadiuses="1,1,1,1,1,1,1,1" offset="-6.522066E-09,0.05471235,1.396055E-08" topScale="0.05,0.05" />
        </Part>
        <Part id="57" partType="Fuselage1" position="0.2156949,0.4474324,0.2365396" rotation="5.464151E-05,180,180" name="(AM-SAP) BE-3U" materials="2,2,2,2,2" texture="Default">
          <Drag drag="0.05600427,0,0,0,0.05722505,0.05721845" area="0.07067346,0,0,0,0.07067346,0.07067346" />
          <Config massScale="0" partScale="0.45,0.45,0.45" />
          <Fuselage bottomScale="0.1344398,0.1344398" offset="1.875455E-08,0.6191199,5.194292E-06" topScale="0.1344398,0.1344398" />
          <FuelTank capacity="38.6699" fuel="38.6699" fuelType="LOX/LH2" />
        </Part>
        <Part id="58" partType="Fuselage1" position="0.2156949,0.7502218,0.2365487" rotation="6.830188E-05,180.0001,180" name="(AM-SAP) BE-3U" materials="3,3,3,3,3" texture="Default">
          <Drag drag="0.003913106,0.001392353,0,0,0.003985693,0.003992292" area="0.005048104,0.001682701,0,0,0.005048104,0.005048104" />
          <Config massScale="0" partScale="0.45,0.45,0.45" />
          <Fuselage bottomScale="0.137407,0.137407" offset="-9.605536E-09,0.05371735,1.975E-06" topScale="0.1157165,0.1157165" />
          <FuelTank capacity="2.9807384" fuel="2.9807384" fuelType="LOX/LH2" />
        </Part>
      </Parts>
      <Connections>
        <Connection partA="2" partB="3" attachPointsA="1,5" attachPointsB="2,4" />
        <Connection partA="3" partB="4" attachPointsA="1,5" attachPointsB="2,4" />
        <Connection partA="5" partB="4" attachPointsA="2,4" attachPointsB="1,5" />
        <Connection partA="6" partB="5" attachPointsA="0" attachPointsB="1" symmetryId="14f9af8c-c254-4db1-b58e-e296df2e3546" />
        <Connection partA="7" partB="5" attachPointsA="4" attachPointsB="5" />
        <Connection partA="8" partB="7" attachPointsA="2,4" attachPointsB="1,5" symmetryId="c921beaa-9432-4d68-bd15-583542eccae2" />
        <Connection partA="11" partB="7" attachPointsA="3" attachPointsB="0" />
        <Connection partA="12" partB="7" attachPointsA="3" attachPointsB="0" />
        <Connection partA="13" partB="7" attachPointsA="3" attachPointsB="0" />
        <Connection partA="14" partB="7" attachPointsA="3" attachPointsB="0" />
        <Connection partA="9" partB="8" attachPointsA="2,4" attachPointsB="1,5" symmetryId="d4effe4d-e4ea-4537-a9ff-c0ba6fb525b9" />
        <Connection partA="10" partB="9" attachPointsA="2,4" attachPointsB="1,5" symmetryId="7a1c4bae-4942-42bc-8142-7b11c90f0a58" />
        <Connection partA="12" partB="11" attachPointsA="1,5" attachPointsB="2,4" />
        <Connection partA="44" partB="11" attachPointsA="2,4" attachPointsB="1,5" />
        <Connection partA="13" partB="12" attachPointsA="1,5" attachPointsB="2,4" />
        <Connection partA="14" partB="13" attachPointsA="1,5" attachPointsB="2,4" />
        <Connection partA="15" partB="14" attachPointsA="1,5" attachPointsB="2,4" />
        <Connection partA="16" partB="15" attachPointsA="1,3,5" attachPointsB="2,0,4" />
        <Connection partA="17" partB="16" attachPointsA="1,3,5" attachPointsB="2,0,4" />
        <Connection partA="18" partB="17" attachPointsA="1,3,5" attachPointsB="2,0,4" />
        <Connection partA="19" partB="18" attachPointsA="1,3,5" attachPointsB="2,0,4" />
        <Connection partA="20" partB="19" attachPointsA="1,3,5" attachPointsB="2,0,4" />
        <Connection partA="21" partB="20" attachPointsA="1,3,5" attachPointsB="2,0,4" />
        <Connection partA="22" partB="21" attachPointsA="1,5" attachPointsB="2,4" />
        <Connection partA="23" partB="22" attachPointsA="1,5" attachPointsB="2,4" />
        <Connection partA="24" partB="23" attachPointsA="2,3,4" attachPointsB="2,0,4" />
        <Connection partA="25" partB="24" attachPointsA="2,3,4" attachPointsB="1,0,5" />
        <Connection partA="26" partB="25" attachPointsA="2,3,4" attachPointsB="1,0,5" />
        <Connection partA="27" partB="26" attachPointsA="2,3,4" attachPointsB="1,0,5" />
        <Connection partA="28" partB="27" attachPointsA="2,3,4" attachPointsB="1,0,5" />
        <Connection partA="29" partB="28" attachPointsA="2,3,4" attachPointsB="1,0,5" />
        <Connection partA="30" partB="29" attachPointsA="2,3,4" attachPointsB="1,0,5" />
        <Connection partA="31" partB="30" attachPointsA="2,3,4" attachPointsB="1,0,5" />
        <Connection partA="49" partB="30" attachPointsA="1" attachPointsB="0" symmetryId="b3978e33-42cf-4642-afd0-2cb987a9d0dc" />
        <Connection partA="54" partB="30" attachPointsA="1" attachPointsB="0" />
        <Connection partA="32" partB="31" attachPointsA="2,3,4" attachPointsB="1,0,5" />
        <Connection partA="33" partB="32" attachPointsA="2,3,4" attachPointsB="1,0,5" />
        <Connection partA="34" partB="33" attachPointsA="2,3,4" attachPointsB="1,0,5" />
        <Connection partA="35" partB="34" attachPointsA="2,3,4" attachPointsB="1,0,5" />
        <Connection partA="36" partB="35" attachPointsA="2,3,4" attachPointsB="1,0,5" />
        <Connection partA="37" partB="36" attachPointsA="3" attachPointsB="0" />
        <Connection partA="37" partB="38" attachPointsA="2,4" attachPointsB="1,5" />
        <Connection partA="45" partB="37" attachPointsA="2,3,4" attachPointsB="1,0,5" />
        <Connection partA="38" partB="39" attachPointsA="2,3,4" attachPointsB="1,0,5" />
        <Connection partA="39" partB="40" attachPointsA="2,3,4" attachPointsB="1,0,5" />
        <Connection partA="40" partB="41" attachPointsA="2,3,4" attachPointsB="1,0,5" />
        <Connection partA="41" partB="42" attachPointsA="2,3,4" attachPointsB="1,0,5" />
        <Connection partA="42" partB="43" attachPointsA="2,3,4" attachPointsB="1,0,5" />
        <Connection partA="43" partB="44" attachPointsA="2,3,4" attachPointsB="1,0,5" />
        <Connection partA="46" partB="45" attachPointsA="2,3,4" attachPointsB="1,0,5" />
        <Connection partA="47" partB="46" attachPointsA="2,3,4" attachPointsB="1,0,5" />
        <Connection partA="48" partB="47" attachPointsA="2,3,4" attachPointsB="1,0,5" />
        <Connection partA="50" partB="49" attachPointsA="2,3" attachPointsB="2,0" />
        <Connection partA="51" partB="50" attachPointsA="1" attachPointsB="1" />
        <Connection partA="52" partB="51" attachPointsA="2" attachPointsB="2" />
        <Connection partA="53" partB="52" attachPointsA="2,3,4" attachPointsB="1,0,5" />
        <Connection partA="55" partB="54" attachPointsA="2" attachPointsB="2" />
        <Connection partA="56" partB="55" attachPointsA="1" attachPointsB="1" />
        <Connection partA="57" partB="56" attachPointsA="2,3" attachPointsB="2,0" />
        <Connection partA="58" partB="57" attachPointsA="2,3,4" attachPointsB="1,0,5" />
      </Connections>
      <Collisions />
      <Bodies />
    </Assembly>
  </DesignerPart>
</DesignerParts>