﻿<?xml version="1.0" encoding="utf-8"?>
<DesignerParts>
  <DesignerPart name="(AM-SAP) Raptor VAC" category="Propulsion" description="Engine by Aerojet Mariodyne, Fuel: MethaLOX, Thrust: Vac= 1,900kn, Isp: Vac=380s" order="1000">
    <Assembly xmlVersion="9">
      <Parts>
        <Part id="2" partType="Fuselage1" position="0.016392896,1.1472504000000001,6.824493600000001E-4" rotation="1.366038E-05,-5.008957E-06,-1.207781E-12" name="(AM-SAP) Raptor" materials="3,3,3,3,3" texture="Default">
          <Drag drag="0.05410932,0.04472412,0,0,0.04780138,0.05409127" area="0.06903539,0.05292714,0,0,0.06213185,0.06903539" />
          <Config partScale="0.8,0.8,0.8"  massScale="0" />
          <Fuselage bottomScale="0.2386315,0.2386315" offset="-7.814622E-07,0.06938066,1.354432E-06" supportsXZOffset="true" topScale="0.2386315,0.2386315" />
          <FuelTank capacity="13.6532669" fuel="13.6532669" fuelType="LOX/CH4" priority="0" subPriority="0" />
        </Part>
        <Part id="3" partType="Fuselage1" position="0.016394424,0.9993456000000001,6.7481992E-4" rotation="-0.0001878316,0.0004526133,0.0003545289" name="(AM-SAP) Raptor" materials="2,2,2,2,2" texture="Default">
          <Drag drag="0.04484143,0.0414032,0,0,0.0322075,0.03436429" area="0.06443303,0.05522832,0,0,0.0460236,0.04832478" />
          <Config partScale="0.8,0.8,0.8"  massScale="0" />
          <Fuselage bottomScale="0.1119249,0.1119249" offset="-7.690714E-07,0.115464,1.251679E-06" supportsXZOffset="true" topScale="0.2226427,0.2226427" />
          <FuelTank capacity="11.5735912" fuel="11.5735912" fuelType="LOX/CH4" priority="0" subPriority="-1" />
        </Part>
        <Part id="4" partType="Fuselage1" position="0.016395952000000002,0.8646312,6.687164E-4" rotation="0.0005156795,-0.0007551551,4.268478E-05" name="(AM-SAP) Raptor" materials="2,2,2,2,2" texture="Default">
          <Drag drag="0.02713588,0.02713588,0,0,0.02058429,0.02033161" area="0.04142124,0.04142124,0,0,0.02761417,0.02761417" />
          <Config partScale="0.8,0.8,0.8"  massScale="0" />
          <Fuselage bottomScale="0.1230555,0.1230555" offset="-9.4631E-07,0.05288329,7.375915E-07" supportsXZOffset="true" topScale="0.1230555,0.1230555" />
          <FuelTank capacity="2.767344" fuel="2.767344" fuelType="LOX/CH4" priority="0" subPriority="-3" />
        </Part>
        <Part id="5" partType="Fuselage1" position="0.016400528,0.2190632,6.4811704E-4" rotation="0.0005156795,-0.0007551551,4.268478E-05" name="(AM-SAP) Raptor" materials="2,2,2,2,2" texture="Default">
          <Drag drag="0.04019395,0.04019395,0,0,0.02487982,0.0453468" area="0.0460236,0.0460236,0,0,0.02761417,0.05062596" />
          <Config partScale="0.8,0.8,0.8"  massScale="0" />
          <Fuselage bottomScale="0.1156085,0.1156085" offset="0,0.7537577,0" supportsXZOffset="true" topScale="0.1156085,0.1156085" />
          <FuelTank capacity="34.8139954" fuel="34.8139954" fuelType="LOX/CH4" priority="0" subPriority="-11" />
        </Part>
        <Part id="6" partType="Strut1" position="-0.02277832,-0.026937104000000003,-0.14555512" rotation="270,14.99583,0" name="(AM-SAP) Raptor" materials="0,0,0,0,0">
          <Drag drag="0,0,0,0,0,0" area="0,0,0,0,0,0" />
          <Config partScale="0.8,0.8,0.8"  massScale="0" />
          <Fuselage bottomScale="0.05,0.05" cornerRadiuses="1,1,1,1,1,1,1,1" offset="0,0.05936944,0" supportsXZOffset="true" topScale="0.05,0.05" />
        </Part>
        <Part id="7" partType="Strut1" position="-0.034360888,0.071636584,-0.18877224" rotation="270,14.99583,0" name="(AM-SAP) Raptor" materials="5,5,5,5,5" texture="Default">
          <Drag drag="0,0,0,0,0,0" area="0,0,0,0,0,0" />
          <Config partScale="0.8,0.8,0.8"  massScale="0" />
          <Fuselage bottomScale="0.05,0.05" cornerRadiuses="1,1,1,1,1,1,1,1" offset="0,0.05936944,0" supportsXZOffset="true" topScale="0.05,0.05" />
        </Part>
        <Part id="8" partType="Strut1" position="-0.038815784,0.054944608,-0.25869824" rotation="299.9986,194.9971,179.999" name="(AM-SAP) Raptor" materials="2,2,2,2,2" texture="Default">
          <Drag drag="0,0.001813872,0,0,0.004313585,0" area="0,0.004602361,0,0,0.004602361,0" />
          <Config partScale="0.8,0.8,0.8"  massScale="0" />
          <Fuselage bottomScale="0.05,0.05" cornerRadiuses="1,1,1,1,1,1,1,1" offset="0,0.05936944,0" supportsXZOffset="true" topScale="0.05,0.05" />
        </Part>
        <Part id="9" partType="Strut1" position="-0.05222740000000001,0.0040901184,-0.30876656" rotation="329.9987,194.9966,179.9995" name="(AM-SAP) Raptor" materials="2,2,2,2,2" texture="Default">
          <Drag drag="0,0.006298917,0,0,0.005504785,0.005107718" area="0,0.009204721,0,0,0.009204721,0.009204721" />
          <Config partScale="0.8,0.8,0.8"  massScale="0" />
          <Fuselage bottomScale="0.05,0.05" cornerRadiuses="1,1,1,1,1,1,1,1" offset="0,0.05936944,0" supportsXZOffset="true" topScale="0.05,0.05" />
        </Part>
        <Part id="10" partType="Strut1" position="-0.057378672,-0.24952504000000003,-0.32799680000000003" rotation="-0.00145714,194.996,179.9993" name="(AM-SAP) Raptor" materials="2,2,2,2,2" texture="Default">
          <Drag drag="0,0.04786456,0,0,0.02382398,0.03054704" area="0,0.05522832,0,0,0.02531299,0.04142124" />
          <Config partScale="0.8,0.8,0.8"  massScale="0" />
          <Fuselage bottomScale="0.05,0.05" cornerRadiuses="1,1,1,1,1,1,1,1" offset="-1.224514E-09,0.2889526,3.374132E-08" supportsXZOffset="true" topScale="0.05,0.05" />
        </Part>
        <Part id="11" partType="Strut1" position="-0.054517079999999996,-0.51762048,-0.31732864" rotation="14.99842,194.996,179.9995" name="(AM-SAP) Raptor" materials="2,2,2,2,2" texture="Default">
          <Drag drag="0,0.007291583,0,0,0.002445568,0.006614766" area="0,0.009204721,0,0,0.006903541,0.009204721" />
          <Config partScale="0.8,0.8,0.8"  massScale="0" />
          <Fuselage bottomScale="0.05,0.05" cornerRadiuses="1,1,1,1,1,1,1,1" offset="-2.572772E-08,0.05917235,1.853275E-07" supportsXZOffset="true" topScale="0.03970957,0.03970957" />
        </Part>
        <Part id="12" partType="Fuselage1" position="-0.060571384,-0.5702,-0.30061304" rotation="14.99848,194.996,89.99946" name="(AM-SAP) Raptor" materials="3,3,3,3,3" texture="Default">
          <Drag drag="0,0.003871398,0,0,0,0" area="0,0.004602361,0,0,0,0" />
          <Config massScale="0" partScale="0.36000000000000004,0.36000000000000004,0.36000000000000004" />
          <Fuselage bottomScale="0.1198951,0.1198951" offset="1.112304E-07,0.0851521,3.642218E-07" supportsXZOffset="true" topScale="0.1198951,0.1198951" />
          <FuelTank capacity="4.23000431" fuel="4.23000431" fuelType="LOX/CH4" priority="0" subPriority="-21" />
        </Part>
        <Part id="13" partType="Fuselage1" position="-0.11140623999999999,-0.57018928,-0.27933656" rotation="-0.001309689,209.9962,89.99931" name="(AM-SAP) Raptor" materials="3,3,3,3,3" texture="Default">
          <Drag drag="0,0,0,0,0.0008663268,0" area="0,0,0,0,0.00230118,0" />
          <Config massScale="0" partScale="0.36000000000000004,0.36000000000000004,0.36000000000000004" />
          <Fuselage bottomScale="0.1198951,0.1198951" offset="4.811361E-08,0.1041638,9.519434E-08" supportsXZOffset="true" topScale="0.1198951,0.1198951" />
          <FuelTank capacity="5.174427" fuel="5.174427" fuelType="LOX/CH4" priority="0" subPriority="-21" />
        </Part>
        <Part id="14" partType="Fuselage1" position="-0.1612036,-0.57018544,-0.24155504" rotation="-0.001029651,224.9961,89.99904" name="(AM-SAP) Raptor" materials="3,3,3,3,3" texture="Default">
          <Drag drag="0,0.001624363,0,0,0.00249069,0" area="0,0.00230118,0,0,0.004602361,0" />
          <Config massScale="0" partScale="0.36000000000000004,0.36000000000000004,0.36000000000000004" />
          <Fuselage bottomScale="0.1198951,0.1198951" offset="4.811361E-08,0.1041638,9.519434E-08" supportsXZOffset="true" topScale="0.1198951,0.1198951" />
          <FuelTank capacity="5.174427" fuel="5.174427" fuelType="LOX/CH4" priority="0" subPriority="-21" />
        </Part>
        <Part id="15" partType="Fuselage1" position="-0.20750272000000003,-0.5701916,-0.19051784000000002" rotation="-0.0008571888,229.9962,89.99876" name="(AM-SAP) Raptor" materials="3,3,3,3,3" texture="Default">
          <Drag drag="0,0.002941901,0,0,0.001407781,0" area="0,0.004602361,0,0,0.00230118,0" />
          <Config massScale="0" partScale="0.36000000000000004,0.36000000000000004,0.36000000000000004" />
          <Fuselage bottomScale="0.1198951,0.1198951" offset="4.811361E-08,0.1041638,9.519434E-08" supportsXZOffset="true" topScale="0.1198951,0.1198951" />
          <FuelTank capacity="5.174427" fuel="5.174427" fuelType="LOX/CH4" priority="0" subPriority="-21" />
        </Part>
        <Part id="16" partType="Fuselage1" position="-0.24566032000000002,-0.5701916,-0.13564224" rotation="-0.0006027642,239.9962,89.99858" name="(AM-SAP) Raptor" materials="3,3,3,3,3" texture="Default">
          <Drag drag="0,0.000911448,0,0,0.003077265,0" area="0,0.00230118,0,0,0.004602361,0" />
          <Config massScale="0" partScale="0.36000000000000004,0.36000000000000004,0.36000000000000004" />
          <Fuselage bottomScale="0.1198951,0.1198951" offset="4.811361E-08,0.1041638,9.519434E-08" supportsXZOffset="true" topScale="0.1198951,0.1198951" />
          <FuelTank capacity="5.174427" fuel="5.174427" fuelType="LOX/CH4" priority="0" subPriority="-21" />
        </Part>
        <Part id="17" partType="Fuselage1" position="-0.26999776000000003,-0.57018472,-0.07727394400000001" rotation="-0.0002066132,254.9961,89.9985" name="(AM-SAP) Raptor" materials="3,3,3,3,3" texture="Default">
          <Drag drag="0,0.0005685269,0,0,0.002147768,0" area="0,0.00230118,0,0,0.00230118,0" />
          <Config massScale="0" partScale="0.36000000000000004,0.36000000000000004,0.36000000000000004" />
          <Fuselage bottomScale="0.1198951,0.1198951" offset="4.811361E-08,0.1041638,9.519434E-08" supportsXZOffset="true" topScale="0.1198951,0.1198951" />
          <FuelTank capacity="5.174427" fuel="5.174427" fuelType="LOX/CH4" priority="0" subPriority="-21" />
        </Part>
        <Part id="18" partType="Fuselage1" position="-0.27859952,-0.57020152,-0.014543152000000002" rotation="0.0001929529,269.9963,89.99844" name="(AM-SAP) Raptor" materials="3,3,3,3,3" texture="Default">
          <Drag drag="0,0.00230118,0,0,0.004412852,0" area="0,0.00230118,0,0,0.004602361,0" />
          <Config massScale="0" partScale="0.36000000000000004,0.36000000000000004,0.36000000000000004" />
          <Fuselage bottomScale="0.1198951,0.1198951" offset="4.811361E-08,0.1041638,9.519434E-08" supportsXZOffset="true" topScale="0.1198951,0.1198951" />
          <FuelTank capacity="5.174427" fuel="5.174427" fuelType="LOX/CH4" priority="0" subPriority="-21" />
        </Part>
        <Part id="19" partType="Fuselage1" position="-0.27256056,-0.57019312,0.05108871200000001" rotation="0.0002578397,279.9961,89.99854" name="(AM-SAP) Raptor" materials="3,3,3,3,3" texture="Default">
          <Drag drag="0.0006948662,0,0,0,0.002147768,0" area="0.004602361,0,0,0,0.00230118,0" />
          <Config massScale="0" partScale="0.36000000000000004,0.36000000000000004,0.36000000000000004" />
          <Fuselage bottomScale="0.1198951,0.1198951" offset="4.811361E-08,0.1041638,9.519434E-08" supportsXZOffset="true" topScale="0.1198951,0.1198951" />
          <FuelTank capacity="5.174427" fuel="5.174427" fuelType="LOX/CH4" priority="0" subPriority="-21" />
        </Part>
        <Part id="20" partType="Fuselage1" position="-0.2544792,-0.57020376,0.11093328000000001" rotation="0.0008332831,294.9963,89.99877" name="(AM-SAP) Raptor" materials="3,3,3,3,3" texture="Default">
          <Drag drag="0.002824586,0,0,0,0.001651435,0" area="0.004602361,0,0,0,0.00230118,0" />
          <Config massScale="0" partScale="0.36000000000000004,0.36000000000000004,0.36000000000000004" />
          <Fuselage bottomScale="0.1198951,0.1198951" offset="4.811361E-08,0.1041638,9.519434E-08" supportsXZOffset="true" topScale="0.1198951,0.1198951" />
          <FuelTank capacity="5.174427" fuel="5.174427" fuelType="LOX/CH4" priority="0" subPriority="-21" />
        </Part>
        <Part id="21" partType="Fuselage1" position="-0.2208376,-0.5701992,0.1698444" rotation="0.0009664718,304.9962,89.99879" name="(AM-SAP) Raptor" materials="3,3,3,3,3" texture="Default">
          <Drag drag="0.00289678,0,0,0,0.001461926,0" area="0.004602361,0,0,0,0.00230118,0" />
          <Config massScale="0" partScale="0.36000000000000004,0.36000000000000004,0.36000000000000004" />
          <Fuselage bottomScale="0.1198951,0.1198951" offset="4.811361E-08,0.1041638,9.519434E-08" supportsXZOffset="true" topScale="0.1198951,0.1198951" />
          <FuelTank capacity="5.174427" fuel="5.174427" fuelType="LOX/CH4" priority="0" subPriority="-21" />
        </Part>
        <Part id="22" partType="Fuselage1" position="-0.17908440000000003,-0.57021064,0.21612056000000002" rotation="0.001241387,319.9962,89.99914" name="(AM-SAP) Raptor" materials="3,3,3,3,3" texture="Default">
          <Drag drag="0.003086289,0,0,0,0.002923853,0" area="0.004602361,0,0,0,0.004602361,0" />
          <Config massScale="0" partScale="0.36000000000000004,0.36000000000000004,0.36000000000000004" />
          <Fuselage bottomScale="0.1198951,0.1198951" offset="4.811361E-08,0.1041638,9.519434E-08" supportsXZOffset="true" topScale="0.1198951,0.1198951" />
          <FuelTank capacity="5.174427" fuel="5.174427" fuelType="LOX/CH4" priority="0" subPriority="-21" />
        </Part>
        <Part id="23" partType="Fuselage1" position="-0.12412232000000001,-0.57020152,0.25352480000000005" rotation="0.001425802,329.9964,89.9995" name="(AM-SAP) Raptor" materials="3,3,3,3,3" texture="Default">
          <Drag drag="0.006912566,0,0,0,0.000911448,0" area="0.009204721,0,0,0,0.00230118,0" />
          <Config massScale="0" partScale="0.36000000000000004,0.36000000000000004,0.36000000000000004" />
          <Fuselage bottomScale="0.1198951,0.1198951" offset="4.811361E-08,0.1041638,9.519434E-08" supportsXZOffset="true" topScale="0.1198951,0.1198951" />
          <FuelTank capacity="5.174427" fuel="5.174427" fuelType="LOX/CH4" priority="0" subPriority="-21" />
        </Part>
        <Part id="24" partType="Fuselage1" position="-0.065519432,-0.5701916,0.27829624000000003" rotation="0.001491543,344.9961,89.99976" name="(AM-SAP) Raptor" materials="3,3,3,3,3" texture="Default">
          <Drag drag="0.003447258,0,0,0,0,0" area="0.004602361,0,0,0,0,0" />
          <Config massScale="0" partScale="0.36000000000000004,0.36000000000000004,0.36000000000000004" />
          <Fuselage bottomScale="0.1198951,0.1198951" offset="4.811361E-08,0.1041638,9.519434E-08" supportsXZOffset="true" topScale="0.1198951,0.1198951" />
          <FuelTank capacity="5.174427" fuel="5.174427" fuelType="LOX/CH4" priority="0" subPriority="-21" />
        </Part>
        <Part id="25" partType="Fuselage1" position="0.0011061672,-0.5701984800000001,0.29044456" rotation="0.001535298,354.9964,89.99973" name="(AM-SAP) Raptor" materials="3,3,3,3,3" texture="Default">
          <Drag drag="0.002174841,0,0,0,0,0" area="0.00230118,0,0,0,0,0" />
          <Config massScale="0" partScale="0.36000000000000004,0.36000000000000004,0.36000000000000004" />
          <Fuselage bottomScale="0.1198951,0.1198951" offset="4.811361E-08,0.1041638,9.519434E-08" supportsXZOffset="true" topScale="0.1198951,0.1198951" />
          <FuelTank capacity="5.174427" fuel="5.174427" fuelType="LOX/CH4" priority="0" subPriority="-21" />
        </Part>
        <Part id="26" partType="Fuselage1" position="0.064711952,-0.57019008,0.28792152" rotation="0.001484285,9.995908,90.00058" name="(AM-SAP) Raptor" materials="3,3,3,3,3" texture="Default">
          <Drag drag="0.004006761,0,0,0,0,0" area="0.004602361,0,0,0,0,0" />
          <Config massScale="0" partScale="0.36000000000000004,0.36000000000000004,0.36000000000000004" />
          <Fuselage bottomScale="0.1198951,0.1198951" offset="4.811361E-08,0.1041638,9.519434E-08" supportsXZOffset="true" topScale="0.1198951,0.1198951" />
          <FuelTank capacity="5.174427" fuel="5.174427" fuelType="LOX/CH4" priority="0" subPriority="-21" />
        </Part>
        <Part id="27" partType="Fuselage1" position="0.12994088,-0.57021296,0.27103160000000004" rotation="0.001363477,19.99635,90.00053" name="(AM-SAP) Raptor" materials="3,3,3,3,3" texture="Default">
          <Drag drag="0.007499141,0,0,0,0,0.004331634" area="0.009204721,0,0,0,0,0.004602361" />
          <Config massScale="0" partScale="0.36000000000000004,0.36000000000000004,0.36000000000000004" />
          <Fuselage bottomScale="0.1198951,0.1198951" offset="4.811361E-08,0.1041638,9.519434E-08" supportsXZOffset="true" topScale="0.1198951,0.1198951" />
          <FuelTank capacity="5.174427" fuel="5.174427" fuelType="LOX/CH4" priority="0" subPriority="-21" />
        </Part>
        <Part id="28" partType="Fuselage1" position="0.1864112,-0.57020152,0.24208104000000003" rotation="0.001145764,34.99623,90.00099" name="(AM-SAP) Raptor" materials="3,3,3,3,3" texture="Default">
          <Drag drag="0.006533548,0,0,0,0,0.002878732" area="0.009204721,0,0,0,0,0.004602361" />
          <Config massScale="0" partScale="0.36000000000000004,0.36000000000000004,0.36000000000000004" />
          <Fuselage bottomScale="0.1198951,0.1198951" offset="4.811361E-08,0.1041638,9.519434E-08" supportsXZOffset="true" topScale="0.1198951,0.1198951" />
          <FuelTank capacity="5.174427" fuel="5.174427" fuelType="LOX/CH4" priority="0" subPriority="-21" />
        </Part>
        <Part id="29" partType="Fuselage1" position="0.2327268,-0.57020224,0.19929616000000003" rotation="0.0008657265,49.99622,90.00131" name="(AM-SAP) Raptor" materials="3,3,3,3,3" texture="Default">
          <Drag drag="0.002571907,0,0,0,0,0.003086289" area="0.004602361,0,0,0,0,0.004602361" />
          <Config massScale="0" partScale="0.36000000000000004,0.36000000000000004,0.36000000000000004" />
          <Fuselage bottomScale="0.1198951,0.1198951" offset="4.811361E-08,0.1041638,9.519434E-08" supportsXZOffset="true" topScale="0.1198951,0.1198951" />
          <FuelTank capacity="5.174427" fuel="5.174427" fuelType="LOX/CH4" priority="0" subPriority="-21" />
        </Part>
        <Part id="30" partType="Fuselage1" position="0.27064696000000005,-0.57020376,0.14401096" rotation="0.000558368,59.99614,90.0015" name="(AM-SAP) Raptor" materials="3,3,3,3,3" texture="Default">
          <Drag drag="0.002003381,0,0,0,0,0.006912566" area="0.004602361,0,0,0,0,0.009204721" />
          <Config massScale="0" partScale="0.36000000000000004,0.36000000000000004,0.36000000000000004" />
          <Fuselage bottomScale="0.1198951,0.1198951" offset="4.811361E-08,0.1041638,9.519434E-08" supportsXZOffset="true" topScale="0.1198951,0.1198951" />
          <FuelTank capacity="5.174427" fuel="5.174427" fuelType="LOX/CH4" priority="0" subPriority="-21" />
        </Part>
        <Part id="31" partType="Fuselage1" position="0.29538624,-0.57020152,0.08565792" rotation="0.0002663774,74.99636,90.0015" name="(AM-SAP) Raptor" materials="3,3,3,3,3" texture="Default">
          <Drag drag="0.0005775511,0,0,0,0,0.005071621" area="0.00230118,0,0,0,0,0.009204721" />
          <Config massScale="0" partScale="0.36000000000000004,0.36000000000000004,0.36000000000000004" />
          <Fuselage bottomScale="0.1198951,0.1198951" offset="4.811361E-08,0.1041638,9.519434E-08" supportsXZOffset="true" topScale="0.1198951,0.1198951" />
          <FuelTank capacity="5.174427" fuel="5.174427" fuelType="LOX/CH4" priority="0" subPriority="-21" />
        </Part>
        <Part id="32" partType="Fuselage1" position="0.30689496,-0.57019464,0.019515608000000004" rotation="-2.732076E-05,84.99625,90.00155" name="(AM-SAP) Raptor" materials="3,3,3,3,3" texture="Default">
          <Drag drag="0.000153412,0,0,0,0,0.004205294" area="0.00230118,0,0,0,0,0.006903541" />
          <Config massScale="0" partScale="0.36000000000000004,0.36000000000000004,0.36000000000000004" />
          <Fuselage bottomScale="0.1198951,0.1198951" offset="4.811361E-08,0.1041638,9.519434E-08" supportsXZOffset="true" topScale="0.1198951,0.1198951" />
          <FuelTank capacity="5.174427" fuel="5.174427" fuelType="LOX/CH4" priority="0" subPriority="-21" />
        </Part>
        <Part id="33" partType="Fuselage1" position="0.30650520000000003,-0.5701832,-0.047360992000000005" rotation="-0.0002663774,94.99636,90.00145" name="(AM-SAP) Raptor" materials="3,3,3,3,3" texture="Default">
          <Drag drag="0,0.000153412,0,0,0,0.006226723" area="0,0.00230118,0,0,0,0.006903541" />
          <Config massScale="0" partScale="0.36000000000000004,0.36000000000000004,0.36000000000000004" />
          <Fuselage bottomScale="0.1198951,0.1198951" offset="4.811361E-08,0.1041638,9.519434E-08" supportsXZOffset="true" topScale="0.1198951,0.1198951" />
          <FuelTank capacity="5.174427" fuel="5.174427" fuelType="LOX/CH4" priority="0" subPriority="-21" />
        </Part>
        <Part id="34" partType="Fuselage1" position="0.29231736,-0.57019464,-0.11019896000000001" rotation="-0.0007342453,109.9964,90.00137" name="(AM-SAP) Raptor" materials="3,3,3,3,3" texture="Default">
          <Drag drag="0,0.0007580359,0,0,0,0.007517189" area="0,0.00230118,0,0,0,0.009204721" />
          <Config massScale="0" partScale="0.36000000000000004,0.36000000000000004,0.36000000000000004" />
          <Fuselage bottomScale="0.1198951,0.1198951" offset="4.811361E-08,0.1041638,9.519434E-08" supportsXZOffset="true" topScale="0.1198951,0.1198951" />
          <FuelTank capacity="5.174427" fuel="5.174427" fuelType="LOX/CH4" priority="0" subPriority="-21" />
        </Part>
        <Part id="35" partType="Fuselage1" position="0.26423032,-0.57020376,-0.16724392" rotation="-0.0009767171,124.9964,90.00111" name="(AM-SAP) Raptor" materials="3,3,3,3,3" texture="Default">
          <Drag drag="0,0.001019739,0,0,0,0.006533548" area="0,0.00230118,0,0,0,0.009204721" />
          <Config massScale="0" partScale="0.36000000000000004,0.36000000000000004,0.36000000000000004" />
          <Fuselage bottomScale="0.1198951,0.1198951" offset="4.811361E-08,0.1041638,9.519434E-08" supportsXZOffset="true" topScale="0.1198951,0.1198951" />
          <FuelTank capacity="5.174427" fuel="5.174427" fuelType="LOX/CH4" priority="0" subPriority="-21" />
        </Part>
        <Part id="36" partType="Fuselage1" position="0.22224728,-0.5701984800000001,-0.21520160000000002" rotation="-0.001278953,139.9964,90.00089" name="(AM-SAP) Raptor" materials="3,3,3,3,3" texture="Default">
          <Drag drag="0,0.002707271,0,0,0,0.002571907" area="0,0.004602361,0,0,0,0.004602361" />
          <Config massScale="0" partScale="0.36000000000000004,0.36000000000000004,0.36000000000000004" />
          <Fuselage bottomScale="0.1198951,0.1198951" offset="4.811361E-08,0.1041638,9.519434E-08" supportsXZOffset="true" topScale="0.1198951,0.1198951" />
          <FuelTank capacity="5.174427" fuel="5.174427" fuelType="LOX/CH4" priority="0" subPriority="-21" />
        </Part>
        <Part id="37" partType="Fuselage1" position="0.16905840000000003,-0.57020224,-0.25006832" rotation="-0.001508618,154.9964,90.00059" name="(AM-SAP) Raptor" materials="3,3,3,3,3" texture="Default">
          <Drag drag="0,0.00166046,0,0,0,0.001678508" area="0,0.00230118,0,0,0,0.004602361" />
          <Config massScale="0" partScale="0.36000000000000004,0.36000000000000004,0.36000000000000004" />
          <Fuselage bottomScale="0.1198951,0.1198951" offset="4.811361E-08,0.1041638,9.519434E-08" supportsXZOffset="true" topScale="0.1198951,0.1198951" />
          <FuelTank capacity="5.174427" fuel="5.174427" fuelType="LOX/CH4" priority="0" subPriority="-21" />
        </Part>
        <Part id="38" partType="Fuselage1" position="0.10590512000000002,-0.5701916,-0.27475664000000005" rotation="-0.001489835,164.9966,90.0003" name="(AM-SAP) Raptor" materials="3,3,3,3,3" texture="Default">
          <Drag drag="0,0.00166046,0,0,0,0" area="0,0.00230118,0,0,0,0" />
          <Config massScale="0" partScale="0.36000000000000004,0.36000000000000004,0.36000000000000004" />
          <Fuselage bottomScale="0.1198951,0.1198951" offset="4.811361E-08,0.1041638,9.519434E-08" supportsXZOffset="true" topScale="0.1198951,0.1198951" />
          <FuelTank capacity="5.174427" fuel="5.174427" fuelType="LOX/CH4" priority="0" subPriority="-21" />
        </Part>
        <Part id="39" partType="Fuselage1" position="0.03991432,-0.57018088,-0.28678744" rotation="-0.001480017,174.997,90.00016" name="(AM-SAP) Raptor" materials="3,3,3,3,3" texture="Default">
          <Drag drag="0,0,0,0,0,0" area="0,0,0,0,0,0" />
          <Config massScale="0" partScale="0.36000000000000004,0.36000000000000004,0.36000000000000004" />
          <Fuselage bottomScale="0.1198951,0.1198951" offset="4.811361E-08,0.1041638,9.519434E-08" supportsXZOffset="true" topScale="0.1198951,0.1198951" />
          <FuelTank capacity="5.174427" fuel="5.174427" fuelType="LOX/CH4" priority="0" subPriority="-21" />
        </Part>
        <Part id="40" partType="Fuselage1" position="-0.033516696000000006,-0.5701984800000001,-0.30077248" rotation="-0.001514168,169.9967,90.00021" name="(AM-SAP) Raptor" materials="3,3,3,3,3" texture="Default">
          <Drag drag="0,0.001777775,0,0,0,0" area="0,0.00230118,0,0,0,0" />
          <Config massScale="0" partScale="0.36000000000000004,0.36000000000000004,0.36000000000000004" />
          <Fuselage bottomScale="0.1198951,0.1198951" offset="4.811361E-08,0.1041638,9.519434E-08" supportsXZOffset="true" topScale="0.1198951,0.1198951" />
          <FuelTank capacity="5.174427" fuel="5.174427" fuelType="LOX/CH4" priority="0" subPriority="-21" />
        </Part>
        <Part id="41" partType="Strut1" position="0.29355824,-0.22735784,-0.06429367200000001" rotation="0.7140747,181.2882,359.3366" name="(AM-SAP) Raptor" materials="2,2,2,2,2" texture="Default">
          <Drag drag="0.0262515,0.006244772,0,0,0,0.02611614" area="0.03221653,0.006903541,0,0,0,0.02761417" />
          <Config partScale="0.8,0.8,0.8"  massScale="0" />
          <Fuselage bottomScale="0.0246188,0.0246188" cornerRadiuses="1,1,1,1,1,1,1,1" offset="-5.543529E-07,0.4053789,1.982767E-06" supportsXZOffset="true" topScale="0.02461897,0.02461897" />
        </Part>
        <Part id="42" partType="Strut1" position="0.26748648,0.13679736,-0.066201784" rotation="0.714072,181.2882,329.3366" name="(AM-SAP) Raptor" materials="2,2,2,2,2" texture="Default">
          <Drag drag="0,0.002219962,0,0,0,0" area="0,0.00230118,0,0,0,0" />
          <Config partScale="0.8,0.8,0.8"  massScale="0" />
          <Fuselage bottomScale="0.0246188,0.0246188" cornerRadiuses="1,1,1,1,1,1,1,1" offset="-5.624859E-07,0.06707981,1.915726E-06" supportsXZOffset="true" topScale="0.02461897,0.02461897" />
        </Part>
        <Part id="43" partType="Strut1" position="0.20164872,0.2177704,-0.065733336" rotation="0.7140635,181.2882,314.3366" name="(AM-SAP) Raptor" materials="2,2,2,2,2" texture="Default">
          <Drag drag="0,0,0,0,0,0" area="0,0,0,0,0,0" />
          <Config partScale="0.8,0.8,0.8"  massScale="0" />
          <Fuselage bottomScale="0.0246188,0.0246188" cornerRadiuses="1,1,1,1,1,1,1,1" offset="-5.624859E-07,0.06707981,1.915726E-06" supportsXZOffset="true" topScale="0.02461897,0.02461897" />
        </Part>
        <Part id="44" partType="Strut1" position="0.01617012,-0.38357432,-2.3269656000000002E-4" rotation="-0.0008398871,229.9962,179.9988" name="(AM-SAP) Raptor" materials="2,2,2,2,2" texture="Default">
          <Drag drag="0.1018024,0.02165817,0,0.2337073,0.02184768,0.1065672" area="0.1426732,0.04142124,0,0.2337073,0.0460236,0.1472755" />
          <Config partScale="0.8,0.8,0.8"  massScale="0" />
          <Fuselage bottomScale="0.1707889,0.1707889" cornerRadiuses="1,1,1,1,1,1,1,1" offset="1.232201E-07,0.1938815,-1.085471E-08" supportsXZOffset="true" topScale="0.3443739,0.3443739" />
        </Part>
        <Part id="45" partType="Strut1" position="-0.26169464,-0.47140848,0.071513752" rotation="62.88032,282.4937,-0.002809386" name="(AM-SAP) Raptor" materials="2,2,2,2,2" texture="Default">
          <Drag drag="0.01399659,0.01350026,0,0,0.003564574,0" area="0.02071062,0.01840944,0,0,0.006903541,0" />
          <Config partScale="0.8,0.8,0.8"  massScale="0" />
          <Fuselage bottomScale="0.107306,0.107306" cornerRadiuses="1,1,1,1,1,1,1,1" offset="-1.210704E-08,0.05512944,-1.49007E-08" supportsXZOffset="true" topScale="0.107306,0.107306" />
        </Part>
        <Part id="46" partType="Strut1" position="-0.31724768000000003,-0.43208272000000003,0.08381840000000002" rotation="47.88042,282.4947,-0.00211572" name="(AM-SAP) Raptor" materials="2,2,2,2,2" texture="Default">
          <Drag drag="0.008527904,0.00798645,0,0,0.0044309,0" area="0.01380708,0.009204721,0,0,0.0115059,0" />
          <Config partScale="0.8,0.8,0.8"  massScale="0" />
          <Fuselage bottomScale="0.08816074,0.08816074" cornerRadiuses="1,1,1,1,1,1,1,1" offset="-1.210704E-08,0.05512944,-1.49007E-08" supportsXZOffset="true" topScale="0.08816074,0.08816074" />
        </Part>
        <Part id="47" partType="Strut1" position="-0.36699000000000004,-0.37587696000000004,0.09484256" rotation="37.88043,282.4952,-0.001812917" name="(AM-SAP) Raptor" materials="2,2,2,2,2" texture="Default">
          <Drag drag="0.01148785,0.009421304,0,0,0.006208675,0" area="0.01380708,0.01610826,0,0,0.009204721,0" />
          <Config partScale="0.8,0.8,0.8"  massScale="0" />
          <Fuselage bottomScale="0.08816074,0.08816074" cornerRadiuses="1,1,1,1,1,1,1,1" offset="-1.210704E-08,0.05512944,-1.49007E-08" supportsXZOffset="true" topScale="0.08816074,0.08816074" />
        </Part>
        <Part id="48" partType="Strut1" position="-0.39958736,-0.31726912,0.1020676" rotation="22.88041,282.4955,-0.001576294" name="(AM-SAP) Raptor" materials="2,2,2,2,2" texture="Default">
          <Drag drag="0.01285051,0.01242637,0,0,0.01133444,0" area="0.01610826,0.01610826,0,0,0.01380708,0" />
          <Config partScale="0.8,0.8,0.8"  massScale="0" />
          <Fuselage bottomScale="0.08816074,0.08816074" cornerRadiuses="1,1,1,1,1,1,1,1" offset="-1.210704E-08,0.05512944,-1.49007E-08" supportsXZOffset="true" topScale="0.08816074,0.08816074" />
        </Part>
        <Part id="49" partType="Strut1" position="-0.41815288,-0.25092127999999997,0.10618856000000002" rotation="7.880388,282.496,-0.001467838" name="(AM-SAP) Raptor" materials="2,2,2,2,2" texture="Default">
          <Drag drag="0.01220979,0.0103508,0,0,0.01319344,0" area="0.01610826,0.01380708,0,0,0.01840944,0" />
          <Config partScale="0.8,0.8,0.8"  massScale="0" />
          <Fuselage bottomScale="0.08816074,0.08816074" cornerRadiuses="1,1,1,1,1,1,1,1" offset="-1.210704E-08,0.05512944,-1.49007E-08" supportsXZOffset="true" topScale="0.08816074,0.08816074" />
        </Part>
        <Part id="50" partType="Strut1" position="-0.42247696,0.06392288,0.10714992000000001" rotation="0.0003955647,282.4961,-0.001438544" name="(AM-SAP) Raptor" materials="4,4,4,4,4" texture="Default">
          <Drag drag="0.09800321,0.03818155,0,0,0.09590958,0" area="0.1311672,0.05062596,0,0,0.1196613,0" />
          <Config partScale="0.8,0.8,0.8"  massScale="0" />
          <Fuselage bottomScale="0.09653104,0.09653104" cornerRadiuses="1,1,1,1,1,1,1,1" offset="-5.837782E-08,0.3531078,-6.12645E-08" supportsXZOffset="true" topScale="0.09653104,0.09653104" />
        </Part>
        <Part id="51" partType="Strut1" position="-0.41501008,0.36807176,0.10551072" rotation="345.0005,282.4966,-0.001432785" name="(AM-SAP) Raptor" materials="2,2,2,2,2" texture="Default">
          <Drag drag="0.01262491,0.009403255,0,0,0.01069372,0.0005775511" area="0.01610826,0.0115059,0,0,0.01380708,0.00230118" />
          <Config partScale="0.8,0.8,0.8"  massScale="0" />
          <Fuselage bottomScale="0.08816074,0.08816074" cornerRadiuses="1,1,1,1,1,1,1,1" offset="-2.314835E-07,0.05007562,-5.817132E-08" supportsXZOffset="true" topScale="0.08816074,0.08816074" />
        </Part>
        <Part id="52" partType="Strut1" position="-0.39096376,0.42537040000000004,0.10017432" rotation="330.0005,282.4969,-0.001467928" name="(AM-SAP) Raptor" materials="2,2,2,2,2" texture="Default">
          <Drag drag="0.009385207,0.01030568,0,0,0.009619837,0" area="0.01380708,0.01380708,0,0,0.01380708,0" />
          <Config partScale="0.8,0.8,0.8"  massScale="0" />
          <Fuselage bottomScale="0.08816074,0.08816074" cornerRadiuses="1,1,1,1,1,1,1,1" offset="-2.314835E-07,0.05007562,-5.817132E-08" supportsXZOffset="true" topScale="0.08816074,0.08816074" />
        </Part>
        <Part id="53" partType="Strut1" position="-0.35221832000000003,0.4819416000000001,0.09158856" rotation="320.0005,282.4974,-0.001856781" name="(AM-SAP) Raptor" materials="2,2,2,2,2" texture="Default">
          <Drag drag="0.007995473,0.004683579,0,0,0.01398757,0.001642411" area="0.0115059,0.006903541,0,0,0.02301181,0.00230118" />
          <Config partScale="0.8,0.8,0.8"  massScale="0" />
          <Fuselage bottomScale="0.1032446,0.1032446" cornerRadiuses="1,1,1,1,1,1,1,1" offset="-2.314835E-07,0.05007562,-5.817132E-08" supportsXZOffset="true" topScale="0.1032446,0.1032446" />
        </Part>
        <Part id="54" partType="Strut1" position="-0.31129912000000004,0.5225624,0.08252984000000001" rotation="305.0005,282.4981,-0.002202966" name="(AM-SAP) Raptor" materials="2,2,2,2,2" texture="Default">
          <Drag drag="0.006695984,0,0,0,0.003185556,0.001840944" area="0.009204721,0,0,0,0.004602361,0.00230118" />
          <Config partScale="0.8,0.8,0.8"  massScale="0" />
          <Fuselage bottomScale="0.08816074,0.08816074" cornerRadiuses="1,1,1,1,1,1,1,1" offset="-2.314835E-07,0.05007562,-5.817132E-08" supportsXZOffset="true" topScale="0.08816074,0.08816074" />
        </Part>
        <Part id="55" partType="Strut1" position="-0.2592288,0.5510672,0.07098732" rotation="290.0005,282.5,-0.004073812" name="(AM-SAP) Raptor" materials="2,2,2,2,2" texture="Default">
          <Drag drag="0.004232367,0.009294964,0,0,0.004223343,0.002111671" area="0.006903541,0.01380708,0,0,0.004602361,0.00230118" />
          <Config partScale="0.8,0.8,0.8"  massScale="0" />
          <Fuselage bottomScale="0.08816074,0.08816074" cornerRadiuses="1,1,1,1,1,1,1,1" offset="-2.314835E-07,0.05007562,-5.817132E-08" supportsXZOffset="true" topScale="0.05918378,0.05918378" />
        </Part>
        <Part id="56" partType="Strut1" position="-0.14636736,0.5464928,0.045980832" rotation="279.9994,102.4887,180.0077" name="(AM-SAP) Raptor" materials="2,2,2,2,2" texture="Default">
          <Drag drag="0.00479187,0,0,0,0,0" area="0.009204721,0,0,0,0,0" />
          <Config partScale="0.8,0.8,0.8"  massScale="0" />
          <Fuselage bottomScale="0.05771068,0.05771068" cornerRadiuses="1,1,1,1,1,1,1,1" offset="-2.561137E-07,0.1306909,-5.131587E-07" supportsXZOffset="true" topScale="0.04039715,0.04039715" />
        </Part>
        <Part id="57" partType="Strut1" position="0.21516008000000003,-0.54583248,-0.22721216000000002" rotation="61.25528,132.4979,0.001913812" name="(AM-SAP) Raptor" materials="2,2,2,2,2" texture="Default">
          <Drag drag="0,0,0,0,0,0.001488999" area="0,0,0,0,0,0.00230118" />
          <Config partScale="0.8,0.8,0.8"  massScale="0" />
          <Fuselage bottomScale="0.02709199,0.02709199" cornerRadiuses="1,1,1,1,1,1,1,1" offset="-5.634371E-07,0.05299239,1.504026E-06" supportsXZOffset="true" topScale="0.02461897,0.02461897" />
        </Part>
        <Part id="58" partType="Strut1" position="0.2569268,-0.4952907200000001,-0.26546400000000003" rotation="36.25537,132.4971,0.001113817" name="(AM-SAP) Raptor" materials="2,2,2,2,2" texture="Default">
          <Drag drag="0.002093623,0.003582622,0,0,0,0.001498023" area="0.00230118,0.004602361,0,0,0,0.00230118" />
          <Config partScale="0.8,0.8,0.8"  massScale="0" />
          <Fuselage bottomScale="0.0246188,0.0246188" cornerRadiuses="1,1,1,1,1,1,1,1" offset="-5.550662E-07,0.05599178,1.925958E-06" supportsXZOffset="true" topScale="0.02461897,0.02461897" />
        </Part>
        <Part id="59" partType="Strut1" position="0.28372656,-0.42145344,-0.29001808" rotation="16.25551,132.4966,0.001041401" name="(AM-SAP) Raptor" materials="2,2,2,2,2" texture="Default">
          <Drag drag="0.001669484,0.00289678,0,0,0.004358706,0.004385779" area="0.00230118,0.004602361,0,0,0.004602361,0.004602361" />
          <Config partScale="0.8,0.8,0.8"  massScale="0" />
          <Fuselage bottomScale="0.0246188,0.0246188" cornerRadiuses="1,1,1,1,1,1,1,1" offset="-5.550662E-07,0.05599178,1.925958E-06" supportsXZOffset="true" topScale="0.02461897,0.02461897" />
        </Part>
        <Part id="60" partType="Strut1" position="0.29594592000000003,-0.33838080000000004,-0.3012016" rotation="6.255315,132.4966,0.0009939473" name="(AM-SAP) Raptor" materials="2,2,2,2,2" texture="Default">
          <Drag drag="0,0.004060906,0,0,0.003320919,0.003411162" area="0,0.004602361,0,0,0.004602361,0.004602361" />
          <Config partScale="0.8,0.8,0.8"  massScale="0" />
          <Fuselage bottomScale="0.0246188,0.0246188" cornerRadiuses="1,1,1,1,1,1,1,1" offset="-5.550662E-07,0.05599178,1.925958E-06" supportsXZOffset="true" topScale="0.02461897,0.02461897" />
        </Part>
        <Part id="61" partType="Strut1" position="0.29918872,0.028116608,-0.30416416" rotation="-0.001133598,132.4962,0.0008663559" name="(AM-SAP) Raptor" materials="2,2,2,2,2" texture="Default">
          <Drag drag="0.004421876,0.0354472,0,0,0.00952057,0.0201421" area="0.004602361,0.03681888,0,0,0.01840944,0.03912006" />
          <Config partScale="0.8,0.8,0.8"  massScale="0" />
          <Fuselage bottomScale="0.0246188,0.0246188" cornerRadiuses="1,1,1,1,1,1,1,1" offset="-5.543529E-07,0.4053789,1.982767E-06" supportsXZOffset="true" topScale="0.02461897,0.02461897" />
        </Part>
        <Part id="62" partType="Strut1" position="0.28861648,0.38829648,-0.29446184000000003" rotation="339.9988,132.4961,0.001134809" name="(AM-SAP) Raptor" materials="2,2,2,2,2" texture="Default">
          <Drag drag="0.003384089,0.003501404,0,0,0.002174841,0.003826276" area="0.006903541,0.006903541,0,0,0.00230118,0.004602361" />
          <Config partScale="0.8,0.8,0.8"  massScale="0" />
          <Fuselage bottomScale="0.0246188,0.0246188" cornerRadiuses="1,1,1,1,1,1,1,1" offset="-5.550662E-07,0.05599178,1.925958E-06" supportsXZOffset="true" topScale="0.02461897,0.02461897" />
        </Part>
        <Part id="63" partType="Strut1" position="0.2604636,0.45633584000000005,-0.26867296" rotation="319.9988,132.4954,0.001248286" name="(AM-SAP) Raptor" materials="2,2,2,2,2" texture="Default">
          <Drag drag="0.002021429,0.003266774,0,0,0.001858993,0.003763107" area="0.00230118,0.004602361,0,0,0.00230118,0.004602361" />
          <Config partScale="0.8,0.8,0.8"  massScale="0" />
          <Fuselage bottomScale="0.0246188,0.0246188" cornerRadiuses="1,1,1,1,1,1,1,1" offset="-5.364384E-07,0.05038599,1.834228E-06" supportsXZOffset="true" topScale="0.02461897,0.02461897" />
        </Part>
        <Part id="64" partType="Strut1" position="0.22068736000000003,0.48802792000000006,-0.23223912000000002" rotation="279.9991,132.491,0.005241644" name="(AM-SAP) Raptor" materials="2,2,2,2,2" texture="Default">
          <Drag drag="0,0.001552169,0,0,0,0.0009836418" area="0,0.00230118,0,0,0,0.00230118" />
          <Config partScale="0.8,0.8,0.8"  massScale="0" />
          <Fuselage bottomScale="0.0246188,0.0246188" cornerRadiuses="1,1,1,1,1,1,1,1" offset="-5.364384E-07,0.05038599,1.834228E-06" supportsXZOffset="true" topScale="0.02461897,0.02461897" />
        </Part>
        <Part id="65" partType="Strut1" position="0.16384528,0.49566384,-0.18017080000000002" rotation="270,132.4951,0" name="(AM-SAP) Raptor" materials="2,2,2,2,2" texture="Default">
          <Drag drag="0,0.001552169,0,0,0.0008212056,0" area="0,0.00230118,0,0,0.00230118,0" />
          <Config partScale="0.8,0.8,0.8"  massScale="0" />
          <Fuselage bottomScale="0.0246188,0.0246188" cornerRadiuses="1,1,1,1,1,1,1,1" offset="-5.364384E-07,0.05038599,1.834228E-06" supportsXZOffset="true" topScale="0.01099491,0.01099491" />
        </Part>
        <Part id="66" partType="Strut1" position="0.10638631999999999,0.49029272,-0.12754856" rotation="280.001,312.502,179.9942" name="(AM-SAP) Raptor" materials="2,2,2,2,2" texture="Default">
          <Drag drag="0,0,0,0,0,0" area="0,0,0,0,0,0" />
          <Config partScale="0.8,0.8,0.8"  massScale="0" />
          <Fuselage bottomScale="0.009241229,0.009241229" cornerRadiuses="1,1,1,1,1,1,1,1" offset="-5.364384E-07,0.05038599,1.834228E-06" supportsXZOffset="true" topScale="0.005359666,0.005359666" />
        </Part>
        <Part id="67" partType="Strut1" position="0.21235656000000003,-0.25830496,-0.20098648" rotation="270,139.9953,0" name="(AM-SAP) Raptor" materials="2,2,2,2,2" texture="Default">
          <Drag drag="0,0.00726451,0,0,0,0.006533547" area="0,0.0115059,0,0,0,0.009204721" />
          <Config partScale="0.8,0.8,0.8"  massScale="0" />
          <Fuselage bottomScale="0.0246188,0.0246188" cornerRadiuses="1,1,1,1,1,1,1,1" offset="-4.656397E-07,0.1644754,1.892353E-06" supportsXZOffset="true" topScale="0.02461897,0.02461897" />
        </Part>
        <Part id="68" partType="Strut1" position="0.29358680000000004,-0.54585456,0.11882056000000002" rotation="61.257,60.49857,0.002588583" name="(AM-SAP) Raptor" materials="2,2,2,2,2" texture="Default">
          <Drag drag="0.001200223,0,0,0,0,0" area="0.00230118,0,0,0,0,0" />
          <Config partScale="0.8,0.8,0.8"  massScale="0" />
          <Fuselage bottomScale="0.02709199,0.02709199" cornerRadiuses="1,1,1,1,1,1,1,1" offset="-5.634371E-07,0.05299239,1.504026E-06" supportsXZOffset="true" topScale="0.02461897,0.02461897" />
        </Part>
        <Part id="69" partType="Strut1" position="0.34288472000000003,-0.4952984,0.14671856000000003" rotation="36.25721,60.49734,0.001579709" name="(AM-SAP) Raptor" materials="2,2,2,2,2" texture="Default">
          <Drag drag="0.003645792,0.003618719,0,0,0,0.003086289" area="0.004602361,0.004602361,0,0,0,0.004602361" />
          <Config partScale="0.8,0.8,0.8"  massScale="0" />
          <Fuselage bottomScale="0.0246188,0.0246188" cornerRadiuses="1,1,1,1,1,1,1,1" offset="-5.550662E-07,0.05599178,1.925958E-06" supportsXZOffset="true" topScale="0.02461897,0.02461897" />
        </Part>
        <Part id="70" partType="Strut1" position="0.37451856000000006,-0.42148320000000006,0.16461296000000003" rotation="16.25715,60.49664,0.00138158" name="(AM-SAP) Raptor" materials="2,2,2,2,2" texture="Default">
          <Drag drag="0.004069931,0.004078955,0,0,0,0.003916519" area="0.004602361,0.004602361,0,0,0,0.004602361" />
          <Config partScale="0.8,0.8,0.8"  massScale="0" />
          <Fuselage bottomScale="0.0246188,0.0246188" cornerRadiuses="1,1,1,1,1,1,1,1" offset="-5.550662E-07,0.05599178,1.925958E-06" supportsXZOffset="true" topScale="0.02461897,0.02461897" />
        </Part>
        <Part id="71" partType="Strut1" position="0.38894336,-0.33839152000000006,0.17277224000000002" rotation="6.257119,60.49643,0.001418242" name="(AM-SAP) Raptor" materials="2,2,2,2,2" texture="Default">
          <Drag drag="0.004268464,0.004223343,0,0,0,0.004548215" area="0.004602361,0.004602361,0,0,0,0.004602361" />
          <Config partScale="0.8,0.8,0.8"  massScale="0" />
          <Fuselage bottomScale="0.0246188,0.0246188" cornerRadiuses="1,1,1,1,1,1,1,1" offset="-5.550662E-07,0.05599178,1.925958E-06" supportsXZOffset="true" topScale="0.02461897,0.02461897" />
        </Part>
        <Part id="72" partType="Strut1" position="0.39276768,0.02809944,0.17494624000000003" rotation="0.0005343684,60.49621,0.001327617" name="(AM-SAP) Raptor" materials="2,2,2,2,2" texture="Default">
          <Drag drag="0.03089899,0.009204722,0,0,0,0.03875007" area="0.03912006,0.0115059,0,0,0,0.03912006" />
          <Config partScale="0.8,0.8,0.8"  massScale="0" />
          <Fuselage bottomScale="0.0246188,0.0246188" cornerRadiuses="1,1,1,1,1,1,1,1" offset="-5.543529E-07,0.4053789,1.982767E-06" supportsXZOffset="true" topScale="0.02461897,0.02461897" />
        </Part>
        <Part id="73" partType="Strut1" position="0.3802804,0.38829576000000005,0.16790656" rotation="340.0004,60.49567,0.001462789" name="(AM-SAP) Raptor" materials="2,2,2,2,2" texture="Default">
          <Drag drag="0.004268464,0,0,0,0,0.004241391" area="0.004602361,0,0,0,0,0.004602361" />
          <Config partScale="0.8,0.8,0.8"  massScale="0" />
          <Fuselage bottomScale="0.0246188,0.0246188" cornerRadiuses="1,1,1,1,1,1,1,1" offset="-5.550662E-07,0.05599178,1.925958E-06" supportsXZOffset="true" topScale="0.02461897,0.02461897" />
        </Part>
        <Part id="74" partType="Strut1" position="0.34704712000000004,0.4563208000000001,0.14910432" rotation="320.0004,60.4952,0.001731958" name="(AM-SAP) Raptor" materials="2,2,2,2,2" texture="Default">
          <Drag drag="0.004575288,0,0,0,0,0.002923853" area="0.006903541,0,0,0,0,0.004602361" />
          <Config partScale="0.8,0.8,0.8"  massScale="0" />
          <Fuselage bottomScale="0.0246188,0.0246188" cornerRadiuses="1,1,1,1,1,1,1,1" offset="-5.364384E-07,0.05038599,1.834228E-06" supportsXZOffset="true" topScale="0.02461897,0.02461897" />
        </Part>
        <Part id="75" partType="Strut1" position="0.3000984,0.48802544000000003,0.12254792000000002" rotation="280.0007,60.48827,0.008161127" name="(AM-SAP) Raptor" materials="2,2,2,2,2" texture="Default">
          <Drag drag="0.00272532,0.001723629,0,0,0,0.0003880422" area="0.004602361,0.00230118,0,0,0,0.00230118" />
          <Config partScale="0.8,0.8,0.8"  massScale="0" />
          <Fuselage bottomScale="0.0246188,0.0246188" cornerRadiuses="1,1,1,1,1,1,1,1" offset="-5.364384E-07,0.05038599,1.834228E-06" supportsXZOffset="true" topScale="0.02461897,0.02461897" />
        </Part>
        <Part id="76" partType="Strut1" position="0.23300360000000003,0.49564304000000003,0.08459584" rotation="270,60.49469,0" name="(AM-SAP) Raptor" materials="2,2,2,2,2" texture="Default">
          <Drag drag="0,0,0,0,0,0" area="0,0,0,0,0,0" />
          <Config partScale="0.8,0.8,0.8"  massScale="0" />
          <Fuselage bottomScale="0.0246188,0.0246188" cornerRadiuses="1,1,1,1,1,1,1,1" offset="-5.364384E-07,0.05038599,1.834228E-06" supportsXZOffset="true" topScale="0.01099491,0.01099491" />
        </Part>
        <Part id="77" partType="Strut1" position="0.16518328000000002,0.49028224,0.046214296" rotation="279.9993,240.5039,179.9922" name="(AM-SAP) Raptor" materials="2,2,2,2,2" texture="Default">
          <Drag drag="0,0,0,0,0,0" area="0,0,0,0,0,0" />
          <Config partScale="0.8,0.8,0.8"  massScale="0" />
          <Fuselage bottomScale="0.009241229,0.009241229" cornerRadiuses="1,1,1,1,1,1,1,1" offset="-5.364384E-07,0.05038599,1.834228E-06" supportsXZOffset="true" topScale="0.005359666,0.005359666" />
        </Part>
        <Part id="78" partType="Strut1" position="0.26777528,-0.2583164,0.12426952000000001" rotation="270,67.99479,0" name="(AM-SAP) Raptor" materials="2,2,2,2,2" texture="Default">
          <Drag drag="0.005919899,0.003943591,0,0,0,0.001615338" area="0.006903541,0.004602361,0,0,0,0.004602361" />
          <Config partScale="0.8,0.8,0.8"  massScale="0" />
          <Fuselage bottomScale="0.0246188,0.0246188" cornerRadiuses="1,1,1,1,1,1,1,1" offset="-4.656397E-07,0.1644754,1.892353E-06" supportsXZOffset="true" topScale="0.02461897,0.02461897" />
        </Part>
        <Part id="79" partType="Strut1" position="-0.01136732,-0.54585912,0.30031968000000003" rotation="61.25785,348.4959,-0.0003408925" name="(AM-SAP) Raptor" materials="2,2,2,2,2" texture="Default">
          <Drag drag="0.001976308,0,0,0,0,0.001985332" area="0.00230118,0,0,0,0,0.00230118" />
          <Config partScale="0.8,0.8,0.8"  massScale="0" />
          <Fuselage bottomScale="0.02709199,0.02709199" cornerRadiuses="1,1,1,1,1,1,1,1" offset="-5.634371E-07,0.05299239,1.504026E-06" supportsXZOffset="true" topScale="0.02461897,0.02461897" />
        </Part>
        <Part id="80" partType="Strut1" position="-0.022665408,-0.49528616000000003,0.35581592" rotation="36.2578,348.4964,-0.0001154086" name="(AM-SAP) Raptor" materials="2,2,2,2,2" texture="Default">
          <Drag drag="0.001019739,0,0,0,0.004250416,0.002274108" area="0.00230118,0,0,0,0.004602361,0.00230118" />
          <Config partScale="0.8,0.8,0.8"  massScale="0" />
          <Fuselage bottomScale="0.0246188,0.0246188" cornerRadiuses="1,1,1,1,1,1,1,1" offset="-5.550662E-07,0.05599178,1.925958E-06" supportsXZOffset="true" topScale="0.02461897,0.02461897" />
        </Part>
        <Part id="81" partType="Strut1" position="-0.029914952,-0.42146800000000006,0.39143032" rotation="16.25786,348.4963,-6.992411E-05" name="(AM-SAP) Raptor" materials="2,2,2,2,2" texture="Default">
          <Drag drag="0.003582622,0,0,0,0.003465307,0.00349238" area="0.004602361,0,0,0,0.006903541,0.006903541" />
          <Config partScale="0.8,0.8,0.8"  massScale="0" />
          <Fuselage bottomScale="0.0246188,0.0246188" cornerRadiuses="1,1,1,1,1,1,1,1" offset="-5.550662E-07,0.05599178,1.925958E-06" supportsXZOffset="true" topScale="0.02461897,0.02461897" />
        </Part>
        <Part id="82" partType="Strut1" position="-0.033219048,-0.3384052,0.40766528" rotation="6.257876,348.4964,-9.24382E-05" name="(AM-SAP) Raptor" materials="2,2,2,2,2" texture="Default">
          <Drag drag="0.004160173,0,0,0,0.00449407,0.004476022" area="0.004602361,0,0,0,0.004602361,0.004602361" />
          <Config partScale="0.8,0.8,0.8"  massScale="0" />
          <Fuselage bottomScale="0.0246188,0.0246188" cornerRadiuses="1,1,1,1,1,1,1,1" offset="-5.550662E-07,0.05599178,1.925958E-06" supportsXZOffset="true" topScale="0.02461897,0.02461897" />
        </Part>
        <Part id="83" partType="Strut1" position="-0.034099960000000006,0.028107832,0.41198504" rotation="0.001500185,348.4962,-0.0001339491" name="(AM-SAP) Raptor" materials="2,2,2,2,2" texture="Default">
          <Drag drag="0.0362684,0,0,0,0.03304676,0.0348516" area="0.03912006,0,0,0,0.03681888,0.03912006" />
          <Config partScale="0.8,0.8,0.8"  massScale="0" />
          <Fuselage bottomScale="0.0246188,0.0246188" cornerRadiuses="1,1,1,1,1,1,1,1" offset="-5.543529E-07,0.4053789,1.982767E-06" supportsXZOffset="true" topScale="0.02461897,0.02461897" />
        </Part>
        <Part id="84" partType="Strut1" position="-0.03124704,0.3882824,0.3979332" rotation="340.0014,348.4963,-0.0002628006" name="(AM-SAP) Raptor" materials="2,2,2,2,2" texture="Default">
          <Drag drag="0.003781155,0,0,0,0.004223343,0.004277488" area="0.004602361,0,0,0,0.004602361,0.004602361" />
          <Config partScale="0.8,0.8,0.8"  massScale="0" />
          <Fuselage bottomScale="0.0246188,0.0246188" cornerRadiuses="1,1,1,1,1,1,1,1" offset="-5.550662E-07,0.05599178,1.925958E-06" supportsXZOffset="true" topScale="0.02461897,0.02461897" />
        </Part>
        <Part id="85" partType="Strut1" position="-0.023632048000000003,0.45631024000000003,0.36053584000000005" rotation="320.0013,348.4964,-0.000240175" name="(AM-SAP) Raptor" materials="2,2,2,2,2" texture="Default">
          <Drag drag="0.001146078,0,0,0,0,0" area="0.00230118,0,0,0,0,0" />
          <Config partScale="0.8,0.8,0.8"  massScale="0" />
          <Fuselage bottomScale="0.0246188,0.0246188" cornerRadiuses="1,1,1,1,1,1,1,1" offset="-5.364384E-07,0.05038599,1.834228E-06" supportsXZOffset="true" topScale="0.02461897,0.02461897" />
        </Part>
        <Part id="86" partType="Strut1" position="-0.012873176,0.4880312,0.30768928" rotation="280.0017,348.4977,-0.001329737" name="(AM-SAP) Raptor" materials="2,2,2,2,2" texture="Default">
          <Drag drag="0,0,0,0,0.001624363,0.001615338" area="0,0,0,0,0.00230118,0.00230118" />
          <Config partScale="0.8,0.8,0.8"  massScale="0" />
          <Fuselage bottomScale="0.0246188,0.0246188" cornerRadiuses="1,1,1,1,1,1,1,1" offset="-5.364384E-07,0.05038599,1.834228E-06" supportsXZOffset="true" topScale="0.02461897,0.02461897" />
        </Part>
        <Part id="87" partType="Strut1" position="0.0025025368,0.49564072000000003,0.23216136" rotation="270,348.4963,0" name="(AM-SAP) Raptor" materials="2,2,2,2,2" texture="Default">
          <Drag drag="0,0,0,0,0,0" area="0,0,0,0,0,0" />
          <Config partScale="0.8,0.8,0.8"  massScale="0" />
          <Fuselage bottomScale="0.0246188,0.0246188" cornerRadiuses="1,1,1,1,1,1,1,1" offset="-5.364384E-07,0.05038599,1.834228E-06" supportsXZOffset="true" topScale="0.01099491,0.01099491" />
        </Part>
        <Part id="88" partType="Strut1" position="0.018045903999999998,0.49027272000000005,0.15582616000000002" rotation="279.9985,168.4957,180.0005" name="(AM-SAP) Raptor" materials="2,2,2,2,2" texture="Default">
          <Drag drag="0,0,0,0,0,0" area="0,0,0,0,0,0" />
          <Config partScale="0.8,0.8,0.8"  massScale="0" />
          <Fuselage bottomScale="0.009241229,0.009241229" cornerRadiuses="1,1,1,1,1,1,1,1" offset="-5.364384E-07,0.05038599,1.834228E-06" supportsXZOffset="true" topScale="0.005359666,0.005359666" />
        </Part>
        <Part id="89" partType="Strut1" position="-0.024517920000000002,-0.25832328000000004,0.27747424000000004" rotation="270,355.996,0" name="(AM-SAP) Raptor" materials="2,2,2,2,2" texture="Default">
          <Drag drag="0.000153412,0,0,0,0.01279637,0.004295537" area="0.00230118,0,0,0,0.01380708,0.004602361" />
          <Config partScale="0.8,0.8,0.8"  massScale="0" />
          <Fuselage bottomScale="0.0246188,0.0246188" cornerRadiuses="1,1,1,1,1,1,1,1" offset="-4.656397E-07,0.1644754,1.892353E-06" supportsXZOffset="true" topScale="0.02461897,0.02461897" />
        </Part>
        <Part id="90" partType="Strut1" position="-0.27826456,-0.54585384,0.06645545600000001" rotation="61.25669,276.4937,-0.003000454" name="(AM-SAP) Raptor" materials="5,5,5,5,5" texture="Default">
          <Drag drag="0,0,0,0,0,0" area="0,0,0,0,0,0" />
          <Config partScale="0.8,0.8,0.8"  massScale="0" />
          <Fuselage bottomScale="0.02709199,0.02709199" cornerRadiuses="1,1,1,1,1,1,1,1" offset="-5.634371E-07,0.05299239,1.504026E-06" supportsXZOffset="true" topScale="0.02461897,0.02461897" />
        </Part>
        <Part id="91" partType="Strut1" position="-0.33454656,-0.4952831200000001,0.07287330400000001" rotation="36.25688,276.4953,-0.001838045" name="(AM-SAP) Raptor" materials="5,5,5,5,5" texture="Default">
          <Drag drag="0,0.002256059,0,0,0.002472641,0" area="0,0.00230118,0,0,0.004602361,0" />
          <Config partScale="0.8,0.8,0.8"  massScale="0" />
          <Fuselage bottomScale="0.0246188,0.0246188" cornerRadiuses="1,1,1,1,1,1,1,1" offset="-5.550662E-07,0.05599178,1.925958E-06" supportsXZOffset="true" topScale="0.02461897,0.02461897" />
        </Part>
        <Part id="92" partType="Strut1" position="-0.37066224000000003,-0.42148399999999997,0.076987072" rotation="16.25694,276.4958,-0.00158657" name="(AM-SAP) Raptor" materials="5,5,5,5,5" texture="Default">
          <Drag drag="0,0,0,0,0.0008663267,0" area="0,0,0,0,0.004602361,0" />
          <Config partScale="0.8,0.8,0.8"  massScale="0" />
          <Fuselage bottomScale="0.0246188,0.0246188" cornerRadiuses="1,1,1,1,1,1,1,1" offset="-5.550662E-07,0.05599178,1.925958E-06" supportsXZOffset="true" topScale="0.02461897,0.02461897" />
        </Part>
        <Part id="93" partType="Strut1" position="-0.38712832,-0.3384136,0.07886467200000001" rotation="6.256733,276.4962,-0.001453456" name="(AM-SAP) Raptor" materials="5,5,5,5,5" texture="Default">
          <Drag drag="0,0,0,0,0,0" area="0,0,0,0,0,0" />
          <Config partScale="0.8,0.8,0.8"  massScale="0" />
          <Fuselage bottomScale="0.0246188,0.0246188" cornerRadiuses="1,1,1,1,1,1,1,1" offset="-5.550662E-07,0.05599178,1.925958E-06" supportsXZOffset="true" topScale="0.02461897,0.02461897" />
        </Part>
        <Part id="94" partType="Strut1" position="-0.13826304,-0.54584768,-0.25957376000000004" rotation="61.25508,204.4948,-0.001565837" name="(AM-SAP) Raptor" materials="2,2,2,2,2" texture="Default">
          <Drag drag="0,0,0,0,0,0" area="0,0,0,0,0,0" />
          <Config partScale="0.8,0.8,0.8"  massScale="0" />
          <Fuselage bottomScale="0.02709199,0.02709199" cornerRadiuses="1,1,1,1,1,1,1,1" offset="-5.634371E-07,0.05299239,1.504026E-06" supportsXZOffset="true" topScale="0.02461897,0.02461897" />
        </Part>
        <Part id="95" partType="Strut1" position="-0.1617492,-0.4952755200000001,-0.31110760000000004" rotation="36.25518,204.4957,-0.001085757" name="(AM-SAP) Raptor" materials="2,2,2,2,2" texture="Default">
          <Drag drag="0,0.003627743,0,0,0.004286513,0" area="0,0.004602361,0,0,0.004602361,0" />
          <Config partScale="0.8,0.8,0.8"  massScale="0" />
          <Fuselage bottomScale="0.0246188,0.0246188" cornerRadiuses="1,1,1,1,1,1,1,1" offset="-5.550662E-07,0.05599178,1.925958E-06" supportsXZOffset="true" topScale="0.02461897,0.02461897" />
        </Part>
        <Part id="96" partType="Strut1" position="-0.17681992000000002,-0.4214512,-0.34417192" rotation="16.2551,204.4959,-0.0007465878" name="(AM-SAP) Raptor" materials="2,2,2,2,2" texture="Default">
          <Drag drag="0,0.002283132,0,0,0.00325775,0" area="0,0.004602361,0,0,0.004602361,0" />
          <Config partScale="0.8,0.8,0.8"  massScale="0" />
          <Fuselage bottomScale="0.0246188,0.0246188" cornerRadiuses="1,1,1,1,1,1,1,1" offset="-5.550662E-07,0.05599178,1.925958E-06" supportsXZOffset="true" topScale="0.02461897,0.02461897" />
        </Part>
        <Part id="97" partType="Strut1" position="-0.18369296000000002,-0.33838080000000004,-0.35924832000000007" rotation="6.255149,204.4961,-0.0007966176" name="(AM-SAP) Raptor" materials="2,2,2,2,2" texture="Default">
          <Drag drag="0.003717985,0.003699937,0,0,0.004349682,0" area="0.004602361,0.004602361,0,0,0.004602361,0" />
          <Config partScale="0.8,0.8,0.8"  massScale="0" />
          <Fuselage bottomScale="0.0246188,0.0246188" cornerRadiuses="1,1,1,1,1,1,1,1" offset="-5.550662E-07,0.05599178,1.925958E-06" supportsXZOffset="true" topScale="0.02461897,0.02461897" />
        </Part>
        <Part id="98" partType="Strut1" position="-0.18551432,0.028139880000000003,-0.36323088000000003" rotation="-0.001232792,204.496,-0.0007603642" name="(AM-SAP) Raptor" materials="2,2,2,2,2" texture="Default">
          <Drag drag="0.007959377,0.03230677,0,0,0.03890349,0.01825603" area="0.009204721,0.03681888,0,0,0.03912006,0.01840944" />
          <Config partScale="0.8,0.8,0.8"  massScale="0" />
          <Fuselage bottomScale="0.0246188,0.0246188" cornerRadiuses="1,1,1,1,1,1,1,1" offset="-5.543529E-07,0.4053789,1.982767E-06" supportsXZOffset="true" topScale="0.02461897,0.02461897" />
        </Part>
        <Part id="99" partType="Strut1" position="-0.17956088,0.38829728,-0.35017816" rotation="339.9986,204.4964,-0.0007518459" name="(AM-SAP) Raptor" materials="2,2,2,2,2" texture="Default">
          <Drag drag="0.001146078,0.002869708,0,0,0.003717986,0.0004692603" area="0.00230118,0.004602361,0,0,0.006903541,0.00230118" />
          <Config partScale="0.8,0.8,0.8"  massScale="0" />
          <Fuselage bottomScale="0.0246188,0.0246188" cornerRadiuses="1,1,1,1,1,1,1,1" offset="-5.550662E-07,0.05599178,1.925958E-06" supportsXZOffset="true" topScale="0.02461897,0.02461897" />
        </Part>
        <Part id="100" partType="Strut1" position="-0.16373016,0.4563270400000001,-0.31544688000000004" rotation="319.9986,204.4969,-0.0008916362" name="(AM-SAP) Raptor" materials="2,2,2,2,2" texture="Default">
          <Drag drag="0.001380708,0.001398757,0,0,0,0" area="0.00230118,0.00230118,0,0,0,0" />
          <Config partScale="0.8,0.8,0.8"  massScale="0" />
          <Fuselage bottomScale="0.0246188,0.0246188" cornerRadiuses="1,1,1,1,1,1,1,1" offset="-5.364384E-07,0.05038599,1.834228E-06" supportsXZOffset="true" topScale="0.02461897,0.02461897" />
        </Part>
        <Part id="101" partType="Strut1" position="-0.14136352000000002,0.4880312,-0.26636736" rotation="279.9989,204.5003,-0.004066539" name="(AM-SAP) Raptor" materials="2,2,2,2,2" texture="Default">
          <Drag drag="0.002057526,0.002337277,0,0,0.00349238,0" area="0.00230118,0.004602361,0,0,0.004602361,0" />
          <Config partScale="0.8,0.8,0.8"  massScale="0" />
          <Fuselage bottomScale="0.0246188,0.0246188" cornerRadiuses="1,1,1,1,1,1,1,1" offset="-5.364384E-07,0.05038599,1.834228E-06" supportsXZOffset="true" topScale="0.02461897,0.02461897" />
        </Part>
        <Part id="102" partType="Strut1" position="-0.10939855999999999,0.4956528,-0.19623600000000002" rotation="270,204.4969,0" name="(AM-SAP) Raptor" materials="2,2,2,2,2" texture="Default">
          <Drag drag="0,0,0,0,0,0" area="0,0,0,0,0,0" />
          <Config partScale="0.8,0.8,0.8"  massScale="0" />
          <Fuselage bottomScale="0.0246188,0.0246188" cornerRadiuses="1,1,1,1,1,1,1,1" offset="-5.364384E-07,0.05038599,1.834228E-06" supportsXZOffset="true" topScale="0.01099491,0.01099491" />
        </Part>
        <Part id="103" partType="Strut1" position="-0.077088832,0.49027752,-0.12533648" rotation="280.0011,24.49249,180.0037" name="(AM-SAP) Raptor" materials="2,2,2,2,2" texture="Default">
          <Drag drag="0,0,0,0,0,0" area="0,0,0,0,0,0" />
          <Config partScale="0.8,0.8,0.8"  massScale="0" />
          <Fuselage bottomScale="0.009241229,0.009241229" cornerRadiuses="1,1,1,1,1,1,1,1" offset="-5.364384E-07,0.05038599,1.834228E-06" supportsXZOffset="true" topScale="0.005359666,0.005359666" />
        </Part>
        <Part id="104" partType="Strut1" position="-0.11418488,-0.25829464,-0.24879648" rotation="270,211.997,0" name="(AM-SAP) Raptor" materials="2,2,2,2,2" texture="Default">
          <Drag drag="0.001137054,0.004223343,0,0,0.00911448,0" area="0.00230118,0.006903541,0,0,0.0115059,0" />
          <Config partScale="0.8,0.8,0.8"  massScale="0" />
          <Fuselage bottomScale="0.0246188,0.0246188" cornerRadiuses="1,1,1,1,1,1,1,1" offset="-4.656397E-07,0.1644754,1.892353E-06" supportsXZOffset="true" topScale="0.02461897,0.02461897" />
        </Part>
        <Part id="105" partType="Strut1" position="0.01616936,-0.19957888000000001,-2.3040767999999998E-4" rotation="-0.0008398871,229.9962,179.9988" name="(AM-SAP) Raptor" materials="2,2,2,2,2" texture="Default">
          <Drag drag="0.02555664,0.007138171,0,0,0.01170444,0.02904902" area="0.02991535,0.009204721,0,0,0.01380708,0.03451771" />
          <Config partScale="0.8,0.8,0.8"  massScale="0" />
          <Fuselage bottomScale="0.2004054,0.2004054" cornerRadiuses="1,1,1,1,1,1,1,1" offset="9.440701E-07,0.1757248,6.109476E-07" supportsXZOffset="true" topScale="0.2146689,0.2146689" />
        </Part>
        <Part id="106" partType="Strut1" position="-0.09282024,-0.12960856,0.17852328" rotation="85.75158,132.5094,180.0131" name="(AM-SAP) Raptor" materials="2,2,2,2,2" texture="Default">
          <Drag drag="0.003212628,0,0,0,0,0" area="0.004602361,0,0,0,0,0" />
          <Config partScale="0.8,0.8,0.8"  massScale="0" />
          <Fuselage bottomScale="0.03200936,0.03200936" cornerRadiuses="1,1,1,1,1,1,1,1" offset="-1.755371E-07,0.05351798,1.489577E-06" supportsXZOffset="true" topScale="0.02928822,0.02928822" />
        </Part>
        <Part id="107" partType="Strut1" position="-0.15448568000000001,-0.13500096,0.21853792" rotation="85.75167,132.51,200.0139" name="(AM-SAP) Raptor" materials="2,2,2,2,2" texture="Default">
          <Drag drag="0.003005071,0,0,0,0,0.0008663268" area="0.004602361,0,0,0,0,0.00230118" />
          <Config partScale="0.8,0.8,0.8"  massScale="0" />
          <Fuselage bottomScale="0.02939889,0.02939889" cornerRadiuses="1,1,1,1,1,1,1,1" offset="-6.519254E-08,0.0502959,1.432373E-06" supportsXZOffset="true" topScale="0.02928822,0.02928822" />
        </Part>
        <Part id="108" partType="Strut1" position="-0.22503424000000002,-0.13984104,0.23809512000000002" rotation="85.75176,132.51,215.014" name="(AM-SAP) Raptor" materials="2,2,2,2,2" texture="Default">
          <Drag drag="0.002228986,0.002238011,0,0,0,0" area="0.00230118,0.00230118,0,0,0,0" />
          <Config partScale="0.8,0.8,0.8"  massScale="0" />
          <Fuselage bottomScale="0.02939889,0.02939889" cornerRadiuses="1,1,1,1,1,1,1,1" offset="-6.519254E-08,0.0502959,1.432373E-06" supportsXZOffset="true" topScale="0.02928822,0.02928822" />
        </Part>
        <Part id="109" partType="Strut1" position="-0.29241392,-0.14452592,0.23195536" rotation="85.68334,61.04537,168.7012" name="(AM-SAP) Raptor" materials="2,2,2,2,2" texture="Default">
          <Drag drag="0.004087979,0.002102647,0,0,0.0007038905,0" area="0.004602361,0.00230118,0,0,0.00230118,0" />
          <Config partScale="0.8,0.8,0.8"  massScale="0" />
          <Fuselage bottomScale="0.02939889,0.02939889" cornerRadiuses="1,1,1,1,1,1,1,1" offset="-9.126838E-08,0.0500594,1.484503E-06" supportsXZOffset="true" topScale="0.02928822,0.02928822" />
        </Part>
        <Part id="110" partType="Strut1" position="-0.3609104,-0.15062296,0.18905488" rotation="85.6834,61.04741,193.7029" name="(AM-SAP) Raptor" materials="2,2,2,2,2" texture="Default">
          <Drag drag="0.001425829,0.001525096,0,0,0.001326563,0" area="0.00230118,0.00230118,0,0,0.00230118,0" />
          <Config partScale="0.8,0.8,0.8"  massScale="0" />
          <Fuselage bottomScale="0.02939889,0.02939889" cornerRadiuses="1,1,1,1,1,1,1,1" offset="-1.136212E-07,0.06508416,1.49942E-06" supportsXZOffset="true" topScale="0.02928822,0.02928822" />
        </Part>
        <Part id="111" partType="Strut1" position="0.1287548,-0.44404640000000006,0.21563376" rotation="86.25848,27.50891,0.0126909" name="(AM-SAP) Raptor" materials="2,2,2,2,2" texture="Default">
          <Drag drag="0.002436544,0,0,0.0006216428,0.002039477,0.002878732" area="0.004602361,0,0,0.0006385454,0.00230118,0.004602361" />
          <Config partScale="0.8,0.8,0.8"  massScale="0" />
          <Fuselage bottomScale="0.05472182,0.05472182" cornerRadiuses="1,1,1,1,1,1,1,1" offset="-5.587929E-07,0.05243332,1.937148E-06" supportsXZOffset="true" topScale="0.05472182,0.05472182" />
        </Part>
        <Part id="112" partType="Strut1" position="0.15922296000000002,-0.42827112,0.27416" rotation="66.25774,27.49798,0.001874547" name="(AM-SAP) Raptor" materials="2,2,2,2,2" texture="Default">
          <Drag drag="0.003203604,0,0,0,0.004223343,0.008239128" area="0.004602361,0,0,0,0.006903541,0.01380708" />
          <Config partScale="0.8,0.8,0.8"  massScale="0" />
          <Fuselage bottomScale="0.05472182,0.05472182" cornerRadiuses="1,1,1,1,1,1,1,1" offset="-5.587929E-07,0.05243332,1.937148E-06" supportsXZOffset="true" topScale="0.05472182,0.05472182" />
        </Part>
        <Part id="113" partType="Strut1" position="0.18031648,-0.39072304,0.31467592" rotation="36.25756,27.49683,0.0009772638" name="(AM-SAP) Raptor" materials="2,2,2,2,2" texture="Default">
          <Drag drag="0.007029881,0,0,0,0.004692603,0.006145505" area="0.0115059,0,0,0,0.006903541,0.009204721" />
          <Config partScale="0.8,0.8,0.8"  massScale="0" />
          <Fuselage bottomScale="0.05472182,0.05472182" cornerRadiuses="1,1,1,1,1,1,1,1" offset="-5.587929E-07,0.05243332,1.937148E-06" supportsXZOffset="true" topScale="0.05472182,0.05472182" />
        </Part>
        <Part id="114" partType="Strut1" position="0.18784952,-0.034291456,0.32915880000000003" rotation="0.001169571,27.49627,0.0009102105" name="(AM-SAP) Raptor" materials="2,2,2,2,2" texture="Default">
          <Drag drag="0.07495532,0.009186674,0,0,0.06964906,0.07391752" area="0.1173601,0.01610826,0,0,0.1081554,0.1173601" />
          <Config partScale="0.8,0.8,0.8"  massScale="0" />
          <Fuselage bottomScale="0.05472182,0.05472182" cornerRadiuses="1,1,1,1,1,1,1,1" offset="-5.680569E-07,0.4355709,1.951127E-06" supportsXZOffset="true" topScale="0.05472182,0.05472182" />
        </Part>
        <Part id="115" partType="Strut1" position="0.18022112,0.33145336000000003,0.31452176000000004" rotation="330.0013,27.49577,0.001090339" name="(AM-SAP) Raptor" materials="2,2,2,2,2" texture="Default">
          <Drag drag="0.007228414,0,0,0,0.001849969,0.008518879" area="0.0115059,0,0,0,0.00230118,0.0115059" />
          <Config partScale="0.8,0.8,0.8"  massScale="0" />
          <Fuselage bottomScale="0.05472182,0.05472182" cornerRadiuses="1,1,1,1,1,1,1,1" offset="-5.674769E-07,0.05542902,1.979898E-06" supportsXZOffset="true" topScale="0.05472182,0.05472182" />
        </Part>
        <Part id="116" partType="Strut1" position="0.15098712000000003,0.40150608,0.2583744" rotation="310.0012,27.49533,0.001263121" name="(AM-SAP) Raptor" materials="2,2,2,2,2" texture="Default">
          <Drag drag="0.007002807,0.004394803,0,0,0.006208675,0.01074787" area="0.0115059,0.006903541,0,0,0.009204721,0.01380708" />
          <Config partScale="0.8,0.8,0.8"  massScale="0" />
          <Fuselage bottomScale="0.05472182,0.05472182" cornerRadiuses="1,1,1,1,1,1,1,1" offset="-5.047767E-07,0.08272056,1.907345E-06" supportsXZOffset="true" topScale="0.05472182,0.05472182" />
        </Part>
        <Part id="117" partType="Strut1" position="0.20403416000000002,0.50122224,-0.078687664" rotation="0.0006597033,292.4964,-0.001323918" name="(AM-SAP) Raptor" materials="2,2,2,2,2" texture="Default">
          <Drag drag="0.008239128,0.004376755,0,0,0,0.007941329" area="0.0115059,0.006903541,0,0,0,0.009204721" />
          <Config partScale="0.8,0.8,0.8"  massScale="0" />
          <Fuselage bottomScale="0.04550164,0.04550164" cornerRadiuses="1,1,1,1,1,1,1,1" offset="-5.364384E-07,0.05038599,1.834228E-06" supportsXZOffset="true" topScale="0.07785589,0.07785589" />
        </Part>
        <Part id="118" partType="Strut1" position="0.20403072,0.58187752,-0.078688432" rotation="0.0006597009,292.4962,-0.001323919" name="(AM-SAP) Raptor" materials="2,2,2,2,2" texture="Default">
          <Drag drag="0.01046811,0.005468688,0,0,0,0.005928923" area="0.01610826,0.006903541,0,0,0,0.009204721" />
          <Config partScale="0.8,0.8,0.8"  massScale="0" />
          <Fuselage bottomScale="0.07785589,0.07785589" cornerRadiuses="1,1,1,1,1,1,1,1" offset="-5.364384E-07,0.05038599,1.834228E-06" supportsXZOffset="true" topScale="0.07785589,0.07785589" />
        </Part>
        <Part id="119" partType="Strut1" position="0.20402728,0.66253912,-0.078683856" rotation="0.0007355977,292.4962,-0.001210339" name="(AM-SAP) Raptor" materials="2,2,2,2,2" texture="Default">
          <Drag drag="0.0141861,0.01421317,0,0,0,0.01429439" area="0.01840944,0.01840944,0,0,0,0.01840944" />
          <Config partScale="0.8,0.8,0.8"  massScale="0" />
          <Fuselage bottomScale="0.09049028,0.09049028" cornerRadiuses="1,1,1,1,1,1,1,1" offset="-5.364384E-07,0.05038599,1.834228E-06" supportsXZOffset="true" topScale="0.09049028,0.09049028" />
        </Part>
        <Part id="120" partType="Strut1" position="0.20402424,0.74318792,-0.078675464" rotation="0.0006597009,292.4962,-0.001323919" name="(AM-SAP) Raptor" materials="2,2,2,2,2" texture="Default">
          <Drag drag="0.01153298,0.01097347,0,0,0,0.01186687" area="0.01840944,0.01380708,0,0,0,0.01840944" />
          <Config partScale="0.8,0.8,0.8"  massScale="0" />
          <Fuselage bottomScale="0.07785589,0.07785589" cornerRadiuses="1,1,1,1,1,1,1,1" offset="-5.364384E-07,0.05038599,1.834228E-06" supportsXZOffset="true" topScale="0.07785589,0.07785589" />
        </Part>
        <Part id="121" partType="Strut1" position="0.2040208,0.8238432,-0.078676224" rotation="0.0006663196,292.496,-0.001332452" name="(AM-SAP) Raptor" materials="2,2,2,2,2" texture="Default">
          <Drag drag="0.01390635,0.0138522,0,0,0,0.01390635" area="0.01840944,0.01840944,0,0,0,0.01840944" />
          <Config partScale="0.8,0.8,0.8"  massScale="0" />
          <Fuselage bottomScale="0.08593009,0.08593009" cornerRadiuses="1,1,1,1,1,1,1,1" offset="-5.364384E-07,0.05038599,1.834228E-06" supportsXZOffset="true" topScale="0.04631934,0.04631934" />
        </Part>
        <Part id="122" partType="Strut1" position="0.20401888,0.9053224000000001,-0.07866936000000001" rotation="0.0006597009,292.4962,-0.001323919" name="(AM-SAP) Raptor" materials="2,2,2,2,2" mirrored="true" texture="Default">
          <Drag drag="0.007977426,0.005829657,0,0,0,0.007977425" area="0.009204721,0.006903541,0,0,0,0.009204721" />
          <Config partScale="0.8,0.8,0.8"  massScale="0" />
          <Fuselage bottomScale="0.05,0.05" cornerRadiuses="1,1,1,1,1,1,1,1" offset="5.471802E-07,0.05142739,1.94994E-06" supportsXZOffset="true" topScale="0.05,0.05" />
        </Part>
        <Part id="123" partType="Strut1" position="0.19770976,0.9801568,-0.076060104" rotation="10.0008,292.4959,-0.001299119" name="(AM-SAP) Raptor" materials="2,2,2,2,2" mirrored="true" texture="Default">
          <Drag drag="0.007138171,0.004999427,0,0,0,0.007905232" area="0.009204721,0.009204721,0,0,0,0.009204721" />
          <Config partScale="0.8,0.8,0.8"  massScale="0" />
          <Fuselage bottomScale="0.05,0.05" cornerRadiuses="1,1,1,1,1,1,1,1" offset="5.471802E-07,0.05142739,1.94994E-06" supportsXZOffset="true" topScale="0.05,0.05" />
        </Part>
        <Part id="124" partType="Strut1" position="0.17976328,1.0532136,-0.0686264" rotation="20.00069,292.4959,-0.001425548" name="(AM-SAP) Raptor" materials="2,2,2,2,2" mirrored="true" texture="Default">
          <Drag drag="0.002183865,0.005992093,0,0,0,0.001588266" area="0.00230118,0.0115059,0,0,0,0.00230118" />
          <Config partScale="0.8,0.8,0.8"  massScale="0" />
          <Fuselage bottomScale="0.05,0.05" cornerRadiuses="1,1,1,1,1,1,1,1" offset="5.471802E-07,0.05142739,1.94994E-06" supportsXZOffset="true" topScale="0.05,0.05" />
        </Part>
        <Part id="125" partType="Strut1" position="0.1507888,1.1205088,-0.05662689600000001" rotation="30.00084,292.4955,-0.001403866" name="(AM-SAP) Raptor" materials="2,2,2,2,2" mirrored="true" texture="Default">
          <Drag drag="0,0.005017476,0,0,0,0" area="0,0.006903541,0,0,0,0" />
          <Config partScale="0.8,0.8,0.8"  massScale="0" />
          <Fuselage bottomScale="0.05,0.05" cornerRadiuses="1,1,1,1,1,1,1,1" offset="5.471802E-07,0.05142739,1.94994E-06" supportsXZOffset="true" topScale="0.05,0.05" />
        </Part>
        <Part id="126" partType="Strut1" position="-0.17122424000000003,0.48606800000000006,-0.078715136" rotation="0.0003860447,67.49617,0.001334017" name="(AM-SAP) Raptor" materials="2,2,2,2,2" mirrored="true" texture="Default">
          <Drag drag="0.003952616,0.006813299,0,0,0.008085717,0.0007941328" area="0.004602361,0.009204721,0,0,0.009204721,0.00230118" />
          <Config partScale="0.8,0.8,0.8"  massScale="0" />
          <Fuselage bottomScale="0.04550164,0.04550164" cornerRadiuses="1,1,1,1,1,1,1,1" offset="5.364384E-07,0.05038599,1.834228E-06" supportsXZOffset="true" topScale="0.07785589,0.07785589" />
        </Part>
        <Part id="127" partType="Strut1" position="-0.17122144,0.5667375200000001,-0.07871056" rotation="0.0003935047,67.4965,0.001445792" name="(AM-SAP) Raptor" materials="2,2,2,2,2" mirrored="true" texture="Default">
          <Drag drag="0.003411161,0.01158712,0,0,0.005937948,0" area="0.004602361,0.01840944,0,0,0.009204721,0" />
          <Config partScale="0.8,0.8,0.8"  massScale="0" />
          <Fuselage bottomScale="0.07785589,0.07785589" cornerRadiuses="1,1,1,1,1,1,1,1" offset="5.364384E-07,0.05038599,1.834228E-06" supportsXZOffset="true" topScale="0.07785589,0.07785589" />
        </Part>
        <Part id="128" partType="Strut1" position="-0.17121688000000002,0.6473831200000001,-0.07870216000000001" rotation="0.0003935047,67.4965,0.001445792" name="(AM-SAP) Raptor" materials="2,2,2,2,2" mirrored="true" texture="Default">
          <Drag drag="0.0142222,0.01420415,0,0,0.01430342,0" area="0.01840944,0.01840944,0,0,0.01840944,0" />
          <Config partScale="0.8,0.8,0.8"  massScale="0" />
          <Fuselage bottomScale="0.09049028,0.09049028" cornerRadiuses="1,1,1,1,1,1,1,1" offset="5.364384E-07,0.05038599,1.834228E-06" supportsXZOffset="true" topScale="0.09049028,0.09049028" />
        </Part>
        <Part id="129" partType="Strut1" position="-0.17121584,0.72801912,-0.07870597600000001" rotation="0.0003822464,67.4965,0.001339697" name="(AM-SAP) Raptor" materials="2,2,2,2,2" mirrored="true" texture="Default">
          <Drag drag="0.01100054,0.01101859,0,0,0.01186687,0" area="0.01380708,0.01380708,0,0,0.01840944,0" />
          <Config partScale="0.8,0.8,0.8"  massScale="0" />
          <Fuselage bottomScale="0.07785589,0.07785589" cornerRadiuses="1,1,1,1,1,1,1,1" offset="5.364384E-07,0.05038599,1.834228E-06" supportsXZOffset="true" topScale="0.07785589,0.07785589" />
        </Part>
        <Part id="130" partType="Strut1" position="-0.17121152,0.8086944000000001,-0.0787014" rotation="0.0003935047,67.4965,0.001445792" name="(AM-SAP) Raptor" materials="2,2,2,2,2" mirrored="true" texture="Default">
          <Drag drag="0.009033262,0.008943019,0,0,0.009421304,0" area="0.0115059,0.0115059,0,0,0.01380708,0" />
          <Config partScale="0.8,0.8,0.8"  massScale="0" />
          <Fuselage bottomScale="0.08593009,0.08593009" cornerRadiuses="1,1,1,1,1,1,1,1" offset="5.364384E-07,0.05038599,1.834228E-06" supportsXZOffset="true" topScale="0.04631934,0.04631934" />
        </Part>
        <Part id="131" partType="Strut1" position="-0.17120888,0.8901768000000001,-0.07870064" rotation="0.0003822464,67.4965,0.001339697" name="(AM-SAP) Raptor" materials="2,2,2,2,2" texture="Default">
          <Drag drag="0.007977426,0.007977426,0,0,0.007995473,0" area="0.009204721,0.009204721,0,0,0.009204721,0" />
          <Config partScale="0.8,0.8,0.8"  massScale="0" />
          <Fuselage bottomScale="0.05,0.05" cornerRadiuses="1,1,1,1,1,1,1,1" offset="-5.471802E-07,0.05142739,1.94994E-06" supportsXZOffset="true" topScale="0.05,0.05" />
        </Part>
        <Part id="132" partType="Strut1" position="-0.16490176,0.9650136,-0.076081464" rotation="10.00043,67.49673,0.001381911" name="(AM-SAP) Raptor" materials="2,2,2,2,2" texture="Default">
          <Drag drag="0.007643528,0.007598408,0,0,0.007905232,0" area="0.009204721,0.009204721,0,0,0.009204721,0" />
          <Config partScale="0.8,0.8,0.8"  massScale="0" />
          <Fuselage bottomScale="0.05,0.05" cornerRadiuses="1,1,1,1,1,1,1,1" offset="-5.471802E-07,0.05142739,1.94994E-06" supportsXZOffset="true" topScale="0.05,0.05" />
        </Part>
        <Part id="133" partType="Strut1" position="-0.14695696,1.0380712,-0.068649288" rotation="20.00047,67.49663,0.001571825" name="(AM-SAP) Raptor" materials="2,2,2,2,2" texture="Default">
          <Drag drag="0.005008452,0.008130837,0,0,0.007399874,0" area="0.006903541,0.0115059,0,0,0.009204721,0" />
          <Config partScale="0.8,0.8,0.8"  massScale="0" />
          <Fuselage bottomScale="0.05,0.05" cornerRadiuses="1,1,1,1,1,1,1,1" offset="-5.471802E-07,0.05142739,1.94994E-06" supportsXZOffset="true" topScale="0.05,0.05" />
        </Part>
        <Part id="134" partType="Strut1" position="-0.11798552000000001,1.1053528000000001,-0.056645968000000005" rotation="30.00049,67.49727,0.001549768" name="(AM-SAP) Raptor" materials="2,2,2,2,2" texture="Default">
          <Drag drag="0,0.006037214,0,0,0.00496333,0" area="0,0.006903541,0,0,0.006903541,0" />
          <Config partScale="0.8,0.8,0.8"  massScale="0" />
          <Fuselage bottomScale="0.05,0.05" cornerRadiuses="1,1,1,1,1,1,1,1" offset="-5.471802E-07,0.05142739,1.94994E-06" supportsXZOffset="true" topScale="0.05,0.05" />
        </Part>
        <Part id="135" partType="RocketEngine1" position="0.016400335999999998,0.6208847200000001,6.519317600000001E-4" rotation="0.0005190946,-0.0007581508,4.320627E-05" name="(AM-SAP) Raptor" activationStage="0" materials="2,3,3,2,4" nozzleExtensionTexture="RocketEngine_Extension4">
          <Drag drag="6.459881,6.716132,1.904348,3.093948,6.530469,6.486157" area="8.737698,9.089784,6.103217,7.89231,8.843554,8.776818" />
          <Config massScale="0.45" partScale="0.752,0.6000000000000001,0.752" />
          <RocketEngine chamberPressure="1240" engineSubTypeId="Staged2" fuelType="LOX/CH4" mass="30.7210274" nozzleSize="6" nozzleThroatSize="0.024" nozzleTypeId="Delta" price="7157888" size="0.69" />
        </Part>
      </Parts>
      <Connections>
        <Connection partA="3" partB="2" attachPointsA="2,4" attachPointsB="1,5" />
        <Connection partA="4" partB="3" attachPointsA="2,4" attachPointsB="1,5" />
        <Connection partA="5" partB="4" attachPointsA="2,4" attachPointsB="1,5" />
        <Connection partA="6" partB="5" attachPointsA="1" attachPointsB="0" />
        <Connection partA="44" partB="5" attachPointsA="1" attachPointsB="0" />
        <Connection partA="117" partB="5" attachPointsA="1" attachPointsB="0" symmetryId="31eec9d5-4e0d-4b98-b13e-5f5edf92eeb7" />
        <Connection partA="126" partB="5" attachPointsA="1" attachPointsB="0" symmetryId="31eec9d5-4e0d-4b98-b13e-5f5edf92eeb7" />
        <Connection partA="135" partB="5" attachPointsA="0" attachPointsB="1" />
        <Connection partA="7" partB="6" attachPointsA="1" attachPointsB="2" />
        <Connection partA="8" partB="7" attachPointsA="1" attachPointsB="2" />
        <Connection partA="9" partB="8" attachPointsA="1" attachPointsB="2" />
        <Connection partA="10" partB="9" attachPointsA="1" attachPointsB="2" />
        <Connection partA="11" partB="10" attachPointsA="1" attachPointsB="2" />
        <Connection partA="12" partB="11" attachPointsA="2,3" attachPointsB="2,0" />
        <Connection partA="13" partB="12" attachPointsA="2,4" attachPointsB="1,5" />
        <Connection partA="14" partB="13" attachPointsA="2,4" attachPointsB="1,5" />
        <Connection partA="15" partB="14" attachPointsA="2,4" attachPointsB="1,5" />
        <Connection partA="16" partB="15" attachPointsA="2,4" attachPointsB="1,5" />
        <Connection partA="17" partB="16" attachPointsA="2,4" attachPointsB="1,5" />
        <Connection partA="18" partB="17" attachPointsA="2,4" attachPointsB="1,5" />
        <Connection partA="19" partB="18" attachPointsA="2,4" attachPointsB="1,5" />
        <Connection partA="20" partB="19" attachPointsA="2,4" attachPointsB="1,5" />
        <Connection partA="21" partB="20" attachPointsA="2,4" attachPointsB="1,5" />
        <Connection partA="22" partB="21" attachPointsA="2,4" attachPointsB="1,5" />
        <Connection partA="23" partB="22" attachPointsA="2,4" attachPointsB="1,5" />
        <Connection partA="24" partB="23" attachPointsA="2,4" attachPointsB="1,5" />
        <Connection partA="25" partB="24" attachPointsA="2,4" attachPointsB="1,5" />
        <Connection partA="26" partB="25" attachPointsA="2,4" attachPointsB="1,5" />
        <Connection partA="27" partB="26" attachPointsA="2,4" attachPointsB="1,5" />
        <Connection partA="28" partB="27" attachPointsA="2,4" attachPointsB="1,5" />
        <Connection partA="29" partB="28" attachPointsA="2,4" attachPointsB="1,5" />
        <Connection partA="30" partB="29" attachPointsA="2,4" attachPointsB="1,5" />
        <Connection partA="31" partB="30" attachPointsA="2,4" attachPointsB="1,5" />
        <Connection partA="32" partB="31" attachPointsA="2,4" attachPointsB="1,5" />
        <Connection partA="33" partB="32" attachPointsA="2,4" attachPointsB="1,5" />
        <Connection partA="34" partB="33" attachPointsA="2,4" attachPointsB="1,5" />
        <Connection partA="41" partB="33" attachPointsA="1" attachPointsB="0" />
        <Connection partA="35" partB="34" attachPointsA="2,4" attachPointsB="1,5" />
        <Connection partA="36" partB="35" attachPointsA="2,4" attachPointsB="1,5" />
        <Connection partA="37" partB="36" attachPointsA="2,4" attachPointsB="1,5" />
        <Connection partA="38" partB="37" attachPointsA="2,4" attachPointsB="1,5" />
        <Connection partA="39" partB="38" attachPointsA="2,4" attachPointsB="1,5" />
        <Connection partA="40" partB="39" attachPointsA="2,4" attachPointsB="1,5" />
        <Connection partA="42" partB="41" attachPointsA="1" attachPointsB="2" />
        <Connection partA="43" partB="42" attachPointsA="1" attachPointsB="2" />
        <Connection partA="45" partB="44" attachPointsA="1" attachPointsB="0" />
        <Connection partA="57" partB="44" attachPointsA="1" attachPointsB="0" symmetryId="3ebb8f4d-391d-4448-ad2d-fc408cfd1309" />
        <Connection partA="68" partB="44" attachPointsA="1" attachPointsB="0" symmetryId="3ebb8f4d-391d-4448-ad2d-fc408cfd1309" />
        <Connection partA="79" partB="44" attachPointsA="1" attachPointsB="0" symmetryId="3ebb8f4d-391d-4448-ad2d-fc408cfd1309" />
        <Connection partA="90" partB="44" attachPointsA="1" attachPointsB="0" symmetryId="3ebb8f4d-391d-4448-ad2d-fc408cfd1309" />
        <Connection partA="94" partB="44" attachPointsA="1" attachPointsB="0" symmetryId="3ebb8f4d-391d-4448-ad2d-fc408cfd1309" />
        <Connection partA="105" partB="44" attachPointsA="1" attachPointsB="2" />
        <Connection partA="111" partB="44" attachPointsA="1" attachPointsB="0" />
        <Connection partA="46" partB="45" attachPointsA="1" attachPointsB="2" />
        <Connection partA="47" partB="46" attachPointsA="1" attachPointsB="2" />
        <Connection partA="48" partB="47" attachPointsA="1" attachPointsB="2" />
        <Connection partA="49" partB="48" attachPointsA="1" attachPointsB="2" />
        <Connection partA="50" partB="49" attachPointsA="1" attachPointsB="2" />
        <Connection partA="51" partB="50" attachPointsA="1" attachPointsB="2" />
        <Connection partA="52" partB="51" attachPointsA="1" attachPointsB="2" />
        <Connection partA="53" partB="52" attachPointsA="1" attachPointsB="2" />
        <Connection partA="54" partB="53" attachPointsA="1" attachPointsB="2" />
        <Connection partA="55" partB="54" attachPointsA="1" attachPointsB="2" />
        <Connection partA="56" partB="55" attachPointsA="1" attachPointsB="2" />
        <Connection partA="58" partB="57" attachPointsA="1" attachPointsB="2" symmetryId="392046f5-29cc-41e2-9378-6deb99f06af1" />
        <Connection partA="59" partB="58" attachPointsA="1" attachPointsB="2" symmetryId="1202711b-e2fe-49b3-b6f2-dadeef981814" />
        <Connection partA="60" partB="59" attachPointsA="1" attachPointsB="2" symmetryId="1968b97d-b19a-4e6f-9a20-e3dc176b01b3" />
        <Connection partA="61" partB="60" attachPointsA="1" attachPointsB="2" symmetryId="bf3624bd-7f54-44aa-af0a-48dbbcfda403" />
        <Connection partA="62" partB="61" attachPointsA="1" attachPointsB="2" symmetryId="af138d35-b2de-41cc-bba1-e9ac08aec029" />
        <Connection partA="67" partB="61" attachPointsA="1" attachPointsB="0" symmetryId="07ce4d29-6098-402c-ac24-ab22c41eb30c" />
        <Connection partA="63" partB="62" attachPointsA="1" attachPointsB="2" symmetryId="93e8c266-8382-4f99-a858-1f71ad96c106" />
        <Connection partA="64" partB="63" attachPointsA="1" attachPointsB="2" symmetryId="f28fa0d7-bbd7-4866-8d98-eed1815c3482" />
        <Connection partA="65" partB="64" attachPointsA="1" attachPointsB="2" symmetryId="68f6048a-ed04-4930-9468-b9b43592d85f" />
        <Connection partA="66" partB="65" attachPointsA="1" attachPointsB="2" symmetryId="470cfdaa-5641-4bc7-9e12-b04bd83ce5d8" />
        <Connection partA="69" partB="68" attachPointsA="1" attachPointsB="2" symmetryId="392046f5-29cc-41e2-9378-6deb99f06af1" />
        <Connection partA="70" partB="69" attachPointsA="1" attachPointsB="2" symmetryId="1202711b-e2fe-49b3-b6f2-dadeef981814" />
        <Connection partA="71" partB="70" attachPointsA="1" attachPointsB="2" symmetryId="1968b97d-b19a-4e6f-9a20-e3dc176b01b3" />
        <Connection partA="72" partB="71" attachPointsA="1" attachPointsB="2" symmetryId="bf3624bd-7f54-44aa-af0a-48dbbcfda403" />
        <Connection partA="73" partB="72" attachPointsA="1" attachPointsB="2" symmetryId="af138d35-b2de-41cc-bba1-e9ac08aec029" />
        <Connection partA="78" partB="72" attachPointsA="1" attachPointsB="0" symmetryId="07ce4d29-6098-402c-ac24-ab22c41eb30c" />
        <Connection partA="74" partB="73" attachPointsA="1" attachPointsB="2" symmetryId="93e8c266-8382-4f99-a858-1f71ad96c106" />
        <Connection partA="75" partB="74" attachPointsA="1" attachPointsB="2" symmetryId="f28fa0d7-bbd7-4866-8d98-eed1815c3482" />
        <Connection partA="76" partB="75" attachPointsA="1" attachPointsB="2" symmetryId="68f6048a-ed04-4930-9468-b9b43592d85f" />
        <Connection partA="77" partB="76" attachPointsA="1" attachPointsB="2" symmetryId="470cfdaa-5641-4bc7-9e12-b04bd83ce5d8" />
        <Connection partA="80" partB="79" attachPointsA="1" attachPointsB="2" symmetryId="392046f5-29cc-41e2-9378-6deb99f06af1" />
        <Connection partA="81" partB="80" attachPointsA="1" attachPointsB="2" symmetryId="1202711b-e2fe-49b3-b6f2-dadeef981814" />
        <Connection partA="82" partB="81" attachPointsA="1" attachPointsB="2" symmetryId="1968b97d-b19a-4e6f-9a20-e3dc176b01b3" />
        <Connection partA="83" partB="82" attachPointsA="1" attachPointsB="2" symmetryId="bf3624bd-7f54-44aa-af0a-48dbbcfda403" />
        <Connection partA="84" partB="83" attachPointsA="1" attachPointsB="2" symmetryId="af138d35-b2de-41cc-bba1-e9ac08aec029" />
        <Connection partA="89" partB="83" attachPointsA="1" attachPointsB="0" symmetryId="07ce4d29-6098-402c-ac24-ab22c41eb30c" />
        <Connection partA="85" partB="84" attachPointsA="1" attachPointsB="2" symmetryId="93e8c266-8382-4f99-a858-1f71ad96c106" />
        <Connection partA="86" partB="85" attachPointsA="1" attachPointsB="2" symmetryId="f28fa0d7-bbd7-4866-8d98-eed1815c3482" />
        <Connection partA="87" partB="86" attachPointsA="1" attachPointsB="2" symmetryId="68f6048a-ed04-4930-9468-b9b43592d85f" />
        <Connection partA="88" partB="87" attachPointsA="1" attachPointsB="2" symmetryId="470cfdaa-5641-4bc7-9e12-b04bd83ce5d8" />
        <Connection partA="91" partB="90" attachPointsA="1" attachPointsB="2" symmetryId="392046f5-29cc-41e2-9378-6deb99f06af1" />
        <Connection partA="92" partB="91" attachPointsA="1" attachPointsB="2" symmetryId="1202711b-e2fe-49b3-b6f2-dadeef981814" />
        <Connection partA="93" partB="92" attachPointsA="1" attachPointsB="2" symmetryId="1968b97d-b19a-4e6f-9a20-e3dc176b01b3" />
        <Connection partA="95" partB="94" attachPointsA="1" attachPointsB="2" symmetryId="392046f5-29cc-41e2-9378-6deb99f06af1" />
        <Connection partA="96" partB="95" attachPointsA="1" attachPointsB="2" symmetryId="1202711b-e2fe-49b3-b6f2-dadeef981814" />
        <Connection partA="97" partB="96" attachPointsA="1" attachPointsB="2" symmetryId="1968b97d-b19a-4e6f-9a20-e3dc176b01b3" />
        <Connection partA="98" partB="97" attachPointsA="1" attachPointsB="2" symmetryId="bf3624bd-7f54-44aa-af0a-48dbbcfda403" />
        <Connection partA="99" partB="98" attachPointsA="1" attachPointsB="2" symmetryId="af138d35-b2de-41cc-bba1-e9ac08aec029" />
        <Connection partA="104" partB="98" attachPointsA="1" attachPointsB="0" symmetryId="07ce4d29-6098-402c-ac24-ab22c41eb30c" />
        <Connection partA="100" partB="99" attachPointsA="1" attachPointsB="2" symmetryId="93e8c266-8382-4f99-a858-1f71ad96c106" />
        <Connection partA="101" partB="100" attachPointsA="1" attachPointsB="2" symmetryId="f28fa0d7-bbd7-4866-8d98-eed1815c3482" />
        <Connection partA="102" partB="101" attachPointsA="1" attachPointsB="2" symmetryId="68f6048a-ed04-4930-9468-b9b43592d85f" />
        <Connection partA="103" partB="102" attachPointsA="1" attachPointsB="2" symmetryId="470cfdaa-5641-4bc7-9e12-b04bd83ce5d8" />
        <Connection partA="106" partB="105" attachPointsA="1" attachPointsB="0" />
        <Connection partA="107" partB="106" attachPointsA="1" attachPointsB="2" />
        <Connection partA="108" partB="107" attachPointsA="1" attachPointsB="2" />
        <Connection partA="109" partB="108" attachPointsA="1" attachPointsB="2" />
        <Connection partA="110" partB="109" attachPointsA="1" attachPointsB="2" />
        <Connection partA="112" partB="111" attachPointsA="1" attachPointsB="2" />
        <Connection partA="113" partB="112" attachPointsA="1" attachPointsB="2" />
        <Connection partA="114" partB="113" attachPointsA="1" attachPointsB="2" />
        <Connection partA="115" partB="114" attachPointsA="1" attachPointsB="2" />
        <Connection partA="116" partB="115" attachPointsA="1" attachPointsB="2" />
        <Connection partA="118" partB="117" attachPointsA="1" attachPointsB="2" symmetryId="a7dfbaec-a64e-44a8-8453-e6794b7940c2" />
        <Connection partA="119" partB="118" attachPointsA="1" attachPointsB="2" symmetryId="4ffc3160-5fd5-4bc6-9dfd-7b1f3f40a354" />
        <Connection partA="120" partB="119" attachPointsA="1" attachPointsB="2" symmetryId="aad5f13a-dcfb-4042-9ce9-513ee193431d" />
        <Connection partA="121" partB="120" attachPointsA="1" attachPointsB="2" symmetryId="9896f9d5-c666-43d4-ac0d-d8a8e2c90bce" />
        <Connection partA="122" partB="121" attachPointsA="1" attachPointsB="2" symmetryId="f50ea365-02e1-454f-81b4-3b58a0551316" />
        <Connection partA="123" partB="122" attachPointsA="1" attachPointsB="2" symmetryId="515e6bd0-172c-4488-b415-210865f64682" />
        <Connection partA="124" partB="123" attachPointsA="1" attachPointsB="2" symmetryId="5488d277-34ff-4a4a-bbd4-0737ece6faa6" />
        <Connection partA="125" partB="124" attachPointsA="1" attachPointsB="2" symmetryId="e53fc7b5-421a-4041-8830-55f721905d6c" />
        <Connection partA="127" partB="126" attachPointsA="1" attachPointsB="2" symmetryId="a7dfbaec-a64e-44a8-8453-e6794b7940c2" />
        <Connection partA="128" partB="127" attachPointsA="1" attachPointsB="2" symmetryId="4ffc3160-5fd5-4bc6-9dfd-7b1f3f40a354" />
        <Connection partA="129" partB="128" attachPointsA="1" attachPointsB="2" symmetryId="aad5f13a-dcfb-4042-9ce9-513ee193431d" />
        <Connection partA="130" partB="129" attachPointsA="1" attachPointsB="2" symmetryId="9896f9d5-c666-43d4-ac0d-d8a8e2c90bce" />
        <Connection partA="131" partB="130" attachPointsA="1" attachPointsB="2" symmetryId="f50ea365-02e1-454f-81b4-3b58a0551316" />
        <Connection partA="132" partB="131" attachPointsA="1" attachPointsB="2" symmetryId="515e6bd0-172c-4488-b415-210865f64682" />
        <Connection partA="133" partB="132" attachPointsA="1" attachPointsB="2" symmetryId="5488d277-34ff-4a4a-bbd4-0737ece6faa6" />
        <Connection partA="134" partB="133" attachPointsA="1" attachPointsB="2" symmetryId="e53fc7b5-421a-4041-8830-55f721905d6c" />
      </Connections>
      <Collisions />
      <Bodies />
    </Assembly>
  </DesignerPart>
</DesignerParts>
