﻿<?xml version="1.0" encoding="utf-8"?>
<DesignerParts>
  <DesignerPart name="(AM-SAP) Linear Aerospike" category="Propulsion" description="Engine by Aerojet Mariodyne, Fuel: HydroLOX, Thrust: SL=2,378kn Vac=2,530kn, Isp: SL=339s Vac=361s" order="1000">
    <Assembly xmlVersion="8">
      <Parts>
        <Part id="1365" partType="Fuselage1" position="-0.04902172,1.141198,0.02892303" rotation="-1.366038E-05,180,-6.377711E-13" name="(AM-SAP) Linear Aerospike" materials="4,4,4,4,4" texture="Default">
          <Drag drag="0.2793362,0.2746111,0,0.6002128,0.2885341,0.2861463" area="0.8575804,0.8575804,0,0.6675093,0.8918836,0.8918836" />
          <Config massScale="20" fuelLine="true" inertiaTensorUserScale="50" partCollisionHandling="Never" />
          <Fuselage bottomScale="0.3344148,0.3344148" offset="0.002979117,0.09873213,-0.006542309" topScale="0.4619386,0.4619386" />
          <FuelTank capacity="54.5568428" fuel="54.5568428" fuelType="LOX/LH2" />
        </Part>
        <Part id="1366" partType="Fuselage1" position="-0.04306316,0.8720245,0.01583815" rotation="-1.366038E-05,180,-6.377711E-13" name="(AM-SAP) Linear Aerospike" materials="4,4,4,4,4" texture="Default">
          <Drag drag="0.2793362,0.2746111,0,0.6002128,0.2885341,0.2861463" area="0.8575804,0.8575804,0,0.6675093,0.8918836,0.8918836" />
          <Config massScale="5" fuelLine="true" inertiaTensorUserScale="50" partCollisionHandling="Never" />
          <Fuselage bottomScale="0.3344148,0.3344148" offset="0.002979123,0.1704378,-0.006542328" topScale="0.3344148,0.3344148" />
          <FuelTank capacity="65.86877" fuel="65.86877" fuelType="LOX/LH2" />
        </Part>
        <Part id="1367" partType="HingeRotator1" position="-0.02536869,1.146141,0.009285927" rotation="-1.366038E-05,180,179.9995" name="(AM-SAP) Linear Aerospike" materials="4,4,4,4,4">
          <Drag drag="0,0,0,0,0,0" area="0,0,0,0,0,0" />
          <Config massScale="0" fuelLine="true" inertiaTensorUserScale="70" partScale="2,2,2" />
          <JointRotator baseMode="None" range="15" speed="0.2" />
          <InputController input="Pitch" invert="true" inputId="Rotator" />
        </Part>
        <Part id="1368" partType="HingeRotator1" position="-0.02536869,0.8964961,0.009296894" rotation="0.0001255282,270.0023,180.0023" name="(AM-SAP) Linear Aerospike" materials="4,4,4,4,4">
          <Drag drag="0.008760785,0.008760785,0,0,0.01905176,0.0189845" area="0.01286372,0.01286372,0,0,0.03430326,0.03430326" />
          <Config massScale="0" fuelLine="true" inertiaTensorUserScale="70" partScale="2,2,2" />
          <JointRotator baseMode="None" range="15" speed="0.2" />
          <InputController input="Yaw" invert="true" inputId="Rotator" />
        </Part>
        <Part id="1369" partType="Fuselage1" position="-0.02457523,0.5400875,0.006943226" rotation="0.0001134541,270.0023,0.002220308" name="(AM-SAP) Linear Aerospike" materials="4,4,4,4,4" texture="Default">
          <Drag drag="0.03263855,0.03270581,0,0,0.03257129,0.03250403" area="0.03859117,0.03859117,0,0,0.03859117,0.03859117" />
          <Config massScale="0" fuelLine="true" />
          <Fuselage bottomScale="0.1104566,0.1104566" offset="0.00236451,0.1067409,0.0007902895" topScale="0.1104566,0.1104566" />
          <FuelTank autoFuelType="false" capacity="4.50045872" fuel="4.50045872" fuelType="LOX/LH2" />
        </Part>
        <Part id="1370" partType="Fuselage1" position="-0.02299404,0.3826163,0.003810406" rotation="0.0001134541,270.0023,0.002220308" name="(AM-SAP) Linear Aerospike" materials="4,4,4,4,4">
          <Drag drag="0,0,0,0,0,0" area="0,0,0,0,0,0" />
          <Config massScale="0" />
          <Fuselage bottomScale="0.7541481,0.06985091" cornerRadiuses="0,0,0,0,0,0,0,0" offset="0.003954945,0.05070185,0.0007902934" topScale="0.7242943,0.04162082" />
          <FuelTank autoFuelType="false" capacity="9.122338" fuel="9.122338" fuelType="LOX/LH2" />
        </Part>
        <Part id="1371" partType="FuelAdapter1" position="-0.02075481,0.2318518,-0.7173953" rotation="-0.0001206994,90.0022,-0.002256531" name="(AM-SAP) Linear Aerospike" materials="4,1,2,3,4">
          <Drag drag="0,0,0,0,0,0" area="0,0,0,0,0,0" />
          <Config massScale="0" partScale="0.05,0.05,0.05" />
        </Part>
        <Part id="1372" partType="Fuselage1" position="-0.03075314,0.1890261,-0.910202" rotation="1.455376E-05,94.45222,-0.002277029" name="(AM-SAP) Linear Aerospike" materials="4,4,4,4,4" mirrored="true" texture="Default">
          <Drag drag="0,0,0.01933444,0.004417161,0.0003363065,0.0003363065" area="0,0,0.02024529,0.004417161,0.004287908,0.008575816" />
          <Config massScale="0" fuelLine="true" />
          <Fuselage bottomScale="0.03943789,1.339797" cornerRadiuses="1,1,1,1,0,0,0,0" offset="-0.02298563,0.050163,-0.004813949" topScale="0,0.1347248" />
          <FuelTank autoFuelType="false" capacity="3.88747525" fuel="3.88747525" fuelType="LOX/LH2" />
        </Part>
        <Part id="1373" partType="Fuselage1" position="-0.03237438,0.2519743,-0.8776302" rotation="0.8669958,89.5278,14.96049" name="(AM-SAP) Linear Aerospike" materials="4,4,4,4,4" mirrored="true" texture="Default">
          <Drag drag="0,0,0,0,0.0001513379,0.004002048" area="0,0,0,0,0.004287908,0.004287908" />
          <Config massScale="0" />
          <Fuselage bottomScale="0,0.1347248" offset="-0.00236456,0.05070185,0.0007902983" topScale="0.1347248,0.1347248" />
          <FuelTank autoFuelType="false" capacity="1.06008375" fuel="1.06008375" fuelType="LOX/LH2" />
        </Part>
        <Part id="1374" partType="Fuselage1" position="-0.03048992,0.2841172,-0.8551288" rotation="0.8670334,89.52779,39.96042" name="(AM-SAP) Linear Aerospike" materials="4,4,4,4,4" mirrored="true" texture="Default">
          <Drag drag="0.008390848,0,0,0,0.007365113,0.01124945" area="0.01286372,0,0,0,0.008575816,0.01286372" />
          <Config massScale="0" />
          <Fuselage bottomScale="0.1347248,0.1347248" offset="-0.00236456,0.05070185,0.0007902983" topScale="0.1347248,0.1347248" />
          <FuelTank autoFuelType="false" capacity="3.1802516" fuel="3.1802516" fuelType="LOX/LH2" />
        </Part>
        <Part id="1375" partType="Fuselage1" position="-0.02862263,0.3349786,-0.7963061" rotation="0.8669924,89.5278,49.96038" name="(AM-SAP) Linear Aerospike" materials="4,4,4,4,4" mirrored="true" texture="Default">
          <Drag drag="0,0,0,0,0.003917971,0.008121802" area="0,0,0,0,0.004287908,0.008575816" />
          <Config massScale="0" />
          <Fuselage bottomScale="0.1347248,0.1347248" offset="-0.00236456,0.05070185,0.0007902983" topScale="0.1347248,0.1347248" />
          <FuelTank autoFuelType="false" capacity="3.1802516" fuel="3.1802516" fuelType="LOX/LH2" />
        </Part>
        <Part id="1376" partType="Fuselage1" position="-0.03024387,0.3313146,-0.4116726" rotation="0.8670351,89.5278,89.96041" name="(AM-SAP) Linear Aerospike" materials="4,4,4,4,4" mirrored="true" texture="Default">
          <Drag drag="0,0,0,0,0.1636636,0.1672116" area="0,0,0,0,0.2015317,0.2058196" />
          <Config massScale="0" fuelLine="true" />
          <Fuselage bottomScale="0.1347248,0.1347248" offset="-0.0005890989,0.4317437,0.0007895973" topScale="0.1382838,0.1347248" />
          <FuelTank autoFuelType="false" capacity="27.4378548" fuel="27.4378548" fuelType="LOX/LH2" />
        </Part>
        <Part id="1377" partType="Fuselage1" position="0.001860619,0.08540702,-0.9073415" rotation="0.0007923016,180.0008,4.232694E-05" name="(AM-SAP) Linear Aerospike" materials="4,4,4,4,4" mirrored="true" texture="Default">
          <Drag drag="0.02966223,0.007835942,0.02391323,0.001159624,0.02143954,0.02110323" area="0.03001535,0.008575816,0.03852741,0.008220828,0.02143954,0.02143954" />
          <Config massScale="0" fuelLine="true" />
          <Fuselage bottomScale="1.351558,0.06416753" cornerRadiuses="0,0,0,0,0,0,0,0" offset="-0.009302661,0.08635208,0.02614481" topScale="1.339797,0.03943789" />
          <FuelTank autoFuelType="false" capacity="26.2493057" fuel="26.2493057" fuelType="LOX/LH2" />
        </Part>
        <Part id="1378" partType="FuelAdapter1" position="1.056626,-0.08907604,-0.9605508" rotation="-0.002212983,0.002200688,7.723919E-05" name="(AM-SAP) Linear Aerospike" materials="0,0,0,0,0" mirrored="true">
          <Drag drag="0.003783448,0,0,0.005030655,0.004825999,0.002253254" area="0.004287908,0,0,0.005030655,0.008575816,0.004287908" />
          <Config massScale="0" partScale="0.05,0.05,0.05" />
        </Part>
        <Part id="1379" partType="RocketEngine1" position="1.110631,0.4149008,-1.097562" rotation="344.9977,0.002200687,0.000230116" name="(AM-SAP) Linear Aerospike" activationStage="0" materials="2,2,2,2,2" mirrored="true">
          <Drag drag="0.08375712,0,0.06308975,0.03621829,0.07101112,0" area="0.1286372,0,0.0811037,0.05447839,0.09433395,0" />
          <Config massScale="0" partScale="0.5,0.5,0.5" />
          <FuelSource fuelTankPartIds="1404,1403,1402,1401,1400,1399,1398,1397,1376,1375,1374,1373,1365,1366,1369,1441,1370,1372,1377" fuelType="LOX/LH2" totalCapacity="408.0468" totalFuel="408.0468" />
          <RocketEngine engineSubTypeId="Staged1" gimbalRange="0" mass="3.75940752" nozzleSize="0" nozzleThroatSize="0.5" nozzleTypeId="Aerospike" price="502605" size="0.5" />
        </Part>
        <Part id="1380" partType="FuelAdapter1" position="-1.133906,-0.06404352,-0.9960904" rotation="-0.002212983,0.002200688,7.723919E-05" name="(AM-SAP) Linear Aerospike" materials="0,0,0,0,0" mirrored="true">
          <Drag drag="0.004086124,0,0,0.005276053,0,0.004220647" area="0.004287908,0,0,0.005276053,0,0.004287908" />
          <Config massScale="0" partScale="0.05,0.05,0.05" />
        </Part>
        <Part id="1381" partType="RocketEngine1" position="-1.114481,0.4194689,-1.099728" rotation="344.9977,0.002200687,0.000230116" name="(AM-SAP) Linear Aerospike" activationStage="0" materials="2,2,2,2,2" mirrored="true">
          <Drag drag="0.09556149,0.006877468,0.05778632,0.04464215,0,0.06393187" area="0.1415009,0.01286372,0.07779091,0.06944757,0,0.09862185" />
          <Config massScale="0" partScale="0.5,0.5,0.5" />
          <FuelSource fuelTankPartIds="1404,1403,1402,1401,1400,1399,1398,1397,1376,1375,1374,1373,1365,1366,1369,1441,1370,1372,1377" fuelType="LOX/LH2" totalCapacity="408.0468" totalFuel="408.0468" />
          <RocketEngine engineSubTypeId="Staged1" gimbalRange="0" mass="3.75940752" nozzleSize="0" nozzleThroatSize="0.5" nozzleTypeId="Aerospike" price="502605" size="0.5" />
        </Part>
        <Part id="1382" partType="FuelAdapter1" position="-0.8877807,-0.05943918,-0.9667878" rotation="-0.002212983,0.002200688,7.723919E-05" name="(AM-SAP) Linear Aerospike" materials="0,1,2,3,4" mirrored="true">
          <Drag drag="0,0,0,0,0,0" area="0,0,0,0,0,0" />
          <Config massScale="0" partScale="0.05,0.05,0.05" />
        </Part>
        <Part id="1383" partType="RocketEngine1" position="-0.8678603,0.4235184,-1.099383" rotation="344.9977,0.002200687,0.000230116" name="(AM-SAP) Linear Aerospike" activationStage="0" materials="2,2,2,2,2" mirrored="true">
          <Drag drag="0.07711509,0.0008912123,0.01735251,0.03806985,0,0" area="0.09862185,0.004287908,0.02134957,0.05705509,0,0" />
          <Config massScale="0" partScale="0.5,0.5,0.5" />
          <FuelSource fuelTankPartIds="1404,1403,1402,1401,1400,1399,1398,1397,1376,1375,1374,1373,1365,1366,1369,1441,1370,1372,1377" fuelType="LOX/LH2" totalCapacity="408.0468" totalFuel="408.0468" />
          <RocketEngine engineSubTypeId="Staged1" gimbalRange="0" mass="3.75940752" nozzleSize="0" nozzleThroatSize="0.5" nozzleTypeId="Aerospike" price="502605" size="0.5" />
        </Part>
        <Part id="1384" partType="FuelAdapter1" position="-0.5893326,-0.06906581,-0.9753118" rotation="-0.002212983,0.002200688,7.723919E-05" name="(AM-SAP) Linear Aerospike" materials="1,1,2,3,4" mirrored="true">
          <Drag drag="0,0,0,0,0,0" area="0,0,0,0,0,0" />
          <Config massScale="0" partScale="0.05,0.05,0.05" />
        </Part>
        <Part id="1385" partType="RocketEngine1" position="-0.6249676,0.4261086,-1.097828" rotation="344.9977,0.002200687,0.000230116" name="(AM-SAP) Linear Aerospike" activationStage="0" materials="2,2,2,2,2" mirrored="true">
          <Drag drag="0.08685115,0.006288932,4.667369E-05,0.03680967,0,0" area="0.1286372,0.008575816,0.0002453977,0.05496919,0,0" />
          <Config massScale="0" partScale="0.5,0.5,0.5" />
          <FuelSource fuelTankPartIds="1404,1403,1402,1401,1400,1399,1398,1397,1376,1375,1374,1373,1365,1366,1369,1441,1370,1372,1377" fuelType="LOX/LH2" totalCapacity="408.0468" totalFuel="408.0468" />
          <RocketEngine engineSubTypeId="Staged1" gimbalRange="0" mass="3.75940752" nozzleSize="0" nozzleThroatSize="0.5" nozzleTypeId="Aerospike" price="502605" size="0.5" />
        </Part>
        <Part id="1386" partType="FuelAdapter1" position="0.910799,-0.03905535,-1.04252" rotation="-0.002212983,0.002200688,7.723919E-05" name="(AM-SAP) Linear Aerospike" materials="0,1,2,3,4" mirrored="true">
          <Drag drag="0,0,0,0,0,0" area="0,0,0,0,0,0" />
          <Config massScale="0" partScale="0.05,0.05,0.05" />
        </Part>
        <Part id="1387" partType="RocketEngine1" position="0.8611693,0.4166329,-1.096929" rotation="344.9977,0.002200687,0.000230116" name="(AM-SAP) Linear Aerospike" activationStage="0" materials="2,2,2,2,2" mirrored="true">
          <Drag drag="0.08192426,0,0.0194081,0.03826281,0,0" area="0.1200614,0,0.02355814,0.05730049,0,0" />
          <Config massScale="0" partScale="0.5,0.5,0.5" />
          <FuelSource fuelTankPartIds="1404,1403,1402,1401,1400,1399,1398,1397,1376,1375,1374,1373,1365,1366,1369,1441,1370,1372,1377" fuelType="LOX/LH2" totalCapacity="408.0468" totalFuel="408.0468" />
          <RocketEngine engineSubTypeId="Staged1" gimbalRange="0" mass="3.75940752" nozzleSize="0" nozzleThroatSize="0.5" nozzleTypeId="Aerospike" price="502605" size="0.5" />
        </Part>
        <Part id="1388" partType="FuelAdapter1" position="0.6627831,-0.05906153,-1.02732" rotation="-0.002212983,0.002200688,7.723919E-05" name="(AM-SAP) Linear Aerospike" materials="1,1,2,3,4" mirrored="true">
          <Drag drag="0,0,0,0,0,0" area="0,0,0,0,0,0" />
          <Config massScale="0" partScale="0.2,0.2,0.2" />
        </Part>
        <Part id="1389" partType="RocketEngine1" position="0.6093388,0.4150953,-1.097695" rotation="344.9977,0.002200687,0.000230116" name="(AM-SAP) Linear Aerospike" activationStage="0" materials="2,2,2,2,2" mirrored="true">
          <Drag drag="0.09547741,0.004725107,0,0.03751313,0,0" area="0.1457888,0.008575816,0,0.05607349,0,0" />
          <Config massScale="0" partScale="0.5,0.5,0.5" />
          <FuelSource fuelTankPartIds="1404,1403,1402,1401,1400,1399,1398,1397,1376,1375,1374,1373,1365,1366,1369,1441,1370,1372,1377" fuelType="LOX/LH2" totalCapacity="408.0468" totalFuel="408.0468" />
          <RocketEngine engineSubTypeId="Staged1" gimbalRange="0" mass="3.75940752" nozzleSize="0" nozzleThroatSize="0.5" nozzleTypeId="Aerospike" price="502605" size="0.5" />
        </Part>
        <Part id="1390" partType="FuelAdapter1" position="0.4179358,-0.0690639,-1.01978" rotation="-0.002212983,0.002200688,7.723919E-05" name="(AM-SAP) Linear Aerospike" materials="0,1,2,3,4" mirrored="true">
          <Drag drag="0,0,0,0,0,0" area="0,0,0,0,0,0" />
          <Config massScale="0" partScale="0.05,0.05,0.05" />
        </Part>
        <Part id="1391" partType="RocketEngine1" position="0.3700876,0.4183264,-1.10097" rotation="344.9977,0.002200687,0.000230116" name="(AM-SAP) Linear Aerospike" activationStage="0" materials="2,2,2,2,2" mirrored="true">
          <Drag drag="0.08839817,0.002740898,0,0.03877911,0.003110835,0" area="0.1329251,0.008575816,0,0.05766859,0.008575816,0" />
          <Config massScale="0" partScale="0.5,0.5,0.5" />
          <FuelSource fuelTankPartIds="1404,1403,1402,1401,1400,1399,1398,1397,1376,1375,1374,1373,1365,1366,1369,1441,1370,1372,1377" fuelType="LOX/LH2" totalCapacity="408.0468" totalFuel="408.0468" />
          <RocketEngine engineSubTypeId="Staged1" gimbalRange="0" mass="3.75940752" nozzleSize="0" nozzleThroatSize="0.5" nozzleTypeId="Aerospike" price="502605" size="0.5" />
        </Part>
        <Part id="1392" partType="FuelAdapter1" position="0.1843796,-0.0690639,-1.013993" rotation="-0.002212983,0.002200688,7.723919E-05" name="(AM-SAP) Linear Aerospike" materials="0,1,2,3,4" mirrored="true">
          <Drag drag="0,0,0,0.0001226989,0,0" area="0,0,0,0.0001226989,0,0" />
          <Config massScale="0" partScale="0.05,0.05,0.05" />
        </Part>
        <Part id="1393" partType="RocketEngine1" position="0.1155849,0.4204972,-1.104107" rotation="344.9977,0.002200687,0.000230116" name="(AM-SAP) Linear Aerospike" activationStage="0" materials="2,2,2,2,2" mirrored="true">
          <Drag drag="0.08353853,0,0,0.04009416,0.001345226,0" area="0.1157735,0,0,0.05938639,0.008575816,0" />
          <Config massScale="0" partScale="0.5,0.5,0.5" />
          <FuelSource fuelTankPartIds="1404,1403,1402,1401,1400,1399,1398,1397,1376,1375,1374,1373,1365,1366,1369,1441,1370,1372,1377" fuelType="LOX/LH2" totalCapacity="408.0468" totalFuel="408.0468" />
          <RocketEngine engineSubTypeId="Staged1" gimbalRange="0" mass="3.75940752" nozzleSize="0" nozzleThroatSize="0.5" nozzleTypeId="Aerospike" price="502605" size="0.5" />
        </Part>
        <Part id="1394" partType="FuelAdapter1" position="-0.3003354,-0.0690639,-0.9938207" rotation="-0.002212983,0.002200688,7.723919E-05" name="(AM-SAP) Linear Aerospike" materials="0,1,2,3,4" mirrored="true">
          <Drag drag="0,0,0,0.0001226989,0,0" area="0,0,0,0.0001226989,0,0" />
          <Config massScale="0" partScale="0.05,0.05,0.05" />
        </Part>
        <Part id="1395" partType="RocketEngine1" position="-0.3825083,0.421077,-1.106053" rotation="344.9977,0.002200687,0.000230116" name="(AM-SAP) Linear Aerospike" activationStage="0" materials="2,2,2,2,2" mirrored="true">
          <Drag drag="0.08421115,0.003430327,0,0.0399676,0,0.003211727" area="0.1243493,0.004287908,0,0.06049069,0,0.01286372" />
          <Config massScale="0" partScale="0.5,0.5,0.5" />
          <FuelSource fuelTankPartIds="1404,1403,1402,1401,1400,1399,1398,1397,1376,1375,1374,1373,1365,1366,1369,1441,1370,1372,1377" fuelType="LOX/LH2" totalCapacity="408.0468" totalFuel="408.0468" />
          <RocketEngine engineSubTypeId="Staged1" gimbalRange="0" mass="3.75940752" nozzleSize="0" nozzleThroatSize="0.5" nozzleTypeId="Aerospike" price="502605" size="0.5" />
        </Part>
        <Part id="1396" partType="RocketEngine1" position="-0.1293521,0.4242165,-1.097718" rotation="345.0745,5.157598,358.2322" name="(AM-SAP) Linear Aerospike" activationStage="0" materials="2,2,2,2,2" mirrored="true">
          <Drag drag="0.07805673,0,0,0.03884789,0.003817079,0.003867525" area="0.09862185,0,0,0.05742319,0.004287908,0.004287908" />
          <Config massScale="0" partScale="0.5,0.5,0.5" />
          <FuelSource fuelTankPartIds="1404,1403,1402,1401,1400,1399,1398,1397,1376,1375,1374,1373,1365,1366,1369,1441,1370,1372,1377" fuelType="LOX/LH2" totalCapacity="408.0468" totalFuel="408.0468" />
          <RocketEngine engineSubTypeId="Staged1" gimbalRange="0" mass="3.75940752" nozzleSize="0" nozzleThroatSize="0.5" nozzleTypeId="Aerospike" price="502605" size="0.5" />
        </Part>
        <Part id="1397" partType="Fuselage1" position="-0.006428719,-0.1423562,-0.8087082" rotation="338.9976,0.00230997,0.0002056433" name="(AM-SAP) Linear Aerospike" materials="4,4,4,4,4" mirrored="true" texture="Default">
          <Drag drag="0.4422269,0.01950578,0.01768307,0.207623,0.03430326,0.03430326" area="0.5102606,0.02143954,0.0429446,0.4180274,0.03430326,0.03430326" />
          <Config massScale="0" inertiaTensorUserScale="50" partCollisionHandling="Never" />
          <Fuselage bottomScale="1.343648,0.04830082" cornerRadiuses="0,0,0,0,0,0,0,0" offset="-0.001009197,0.1579944,-0.01698855" topScale="1.351558,0.06416753" />
          <FuelTank capacity="52.5201645" fuel="52.5201645" fuelType="LOX/LH2" />
        </Part>
        <Part id="1398" partType="Fuselage1" position="-0.005181313,-0.4085467,-0.6857371" rotation="341.9975,0.00230997,0.0002018926" name="(AM-SAP) Linear Aerospike" materials="4,4,4,4,4" mirrored="true" texture="Default">
          <Drag drag="0.6453063,0.008004095,0.006480418,0.1179547,0.02143954,0.02143954" area="0.703216,0.008575816,0.01815942,0.298644,0.02143954,0.02143954" />
          <Config massScale="0" inertiaTensorUserScale="50" partCollisionHandling="Never" />
          <Fuselage bottomScale="1.342174,0.04251125" cornerRadiuses="0,0,0,0,0,0,0,0" offset="-0.0002317923,0.1342699,-0.009444486" topScale="1.343648,0.04830082" />
          <FuelTank capacity="36.00043" fuel="36.00043" fuelType="LOX/LH2" />
        </Part>
        <Part id="1399" partType="Fuselage1" position="-0.005223274,-0.6094923,-0.6084704" rotation="346.9975,0.00230997,0.0001634953" name="(AM-SAP) Linear Aerospike" materials="4,4,4,4,4" mirrored="true" texture="Default">
          <Drag drag="0.3336832,0,0.002655107,0.03726171,0.01286372,0.01286372" area="0.3516083,0,0.007607333,0.1187714,0.01286372,0.01286372" />
          <Config massScale="0" inertiaTensorUserScale="50" partCollisionHandling="Never" />
          <Fuselage bottomScale="1.341714,0.04557971" cornerRadiuses="0,0,0,0,0,0,0,0" offset="0.0002775581,0.08023496,-0.008966799" topScale="1.342174,0.04251125" />
          <FuelTank capacity="20.8623142" fuel="20.8623142" fuelType="LOX/LH2" />
        </Part>
        <Part id="1400" partType="Fuselage1" position="-0.005843163,-0.7666793,-0.5578113" rotation="351.9977,0.00230997,0.0001287626" name="(AM-SAP) Linear Aerospike" materials="4,4,4,4,4" mirrored="true" texture="Default">
          <Drag drag="0.5005245,0,0.001987241,0.04657712,0.02143954,0.02143954" area="0.5274122,0,0.004294462,0.1484639,0.02143954,0.02143954" />
          <Config massScale="0" inertiaTensorUserScale="50" partCollisionHandling="Never" />
          <Fuselage bottomScale="1.341391,0.04031011" cornerRadiuses="0,0,0,0,0,0,0,0" offset="0.0003443016,0.08355844,-0.01235742" topScale="1.341714,0.04557971" />
          <FuelTank capacity="21.168581" fuel="21.168581" fuelType="LOX/LH2" />
        </Part>
        <Part id="1401" partType="Fuselage1" position="-0.006106377,-0.9235101,-0.514421" rotation="351.9977,0.00230997,0.0001287626" name="(AM-SAP) Linear Aerospike" materials="4,4,4,4,4" mirrored="true" texture="Default">
          <Drag drag="0.3419565,0,0.0008059632,0.02095994,0.01286372,0.01286372" area="0.3516083,0,0.003067472,0.08907896,0.01286372,0.01286372" />
          <Config massScale="0" inertiaTensorUserScale="50" partCollisionHandling="Never" />
          <Fuselage bottomScale="1.34022,0.04251125" cornerRadiuses="0,0,0,0,0,0,0,0" offset="-7.977171E-05,0.07778179,-0.008776099" topScale="1.341391,0.04031011" />
          <FuelTank capacity="19.0000286" fuel="19.0000286" fuelType="LOX/LH2" />
        </Part>
        <Part id="1402" partType="Fuselage1" position="-0.006632805,-1.070231,-0.4827285" rotation="356.9977,0.002200688,0.0001189996" name="(AM-SAP) Linear Aerospike" materials="4,4,4,4,4" mirrored="true" texture="Default">
          <Drag drag="0.3447139,0,0.0001828454,0.0167678,0.008575816,0.008575816" area="0.3516083,0,0.001226989,0.08907896,0.008575816,0.008575816" />
          <Config massScale="0" inertiaTensorUserScale="50" partCollisionHandling="Never" />
          <Fuselage bottomScale="1.340424,0.03943636" cornerRadiuses="0,0,0,0,0,0,0,0" offset="0.0006082739,0.07145868,-0.008442685" topScale="1.34022,0.04251125" />
          <FuelTank capacity="17.2631626" fuel="17.2631626" fuelType="LOX/LH2" />
        </Part>
        <Part id="1403" partType="Fuselage1" position="-0.007790565,-1.219609,-0.4568477" rotation="355.9977,0.002200687,0.0001883699" name="(AM-SAP) Linear Aerospike" materials="4,4,4,4,4" mirrored="true" texture="Default">
          <Drag drag="0.5170709,0,0.0001501257,0.01711717,0.01286372,0.01286372" area="0.5274122,0,0.0009815908,0.08907896,0.01286372,0.01286372" />
          <Config massScale="0" inertiaTensorUserScale="50" partCollisionHandling="Never" />
          <Fuselage bottomScale="1.340513,0.03638377" cornerRadiuses="0,0,0,0,0,0,0,0" offset="0.0005510011,0.07922102,-0.008196348" topScale="1.340424,0.03943636" />
          <FuelTank capacity="17.7086926" fuel="17.7086926" fuelType="LOX/LH2" />
        </Part>
        <Part id="1404" partType="Fuselage1" position="-0.009697914,-1.407867,-0.4326091" rotation="357.9977,0.002200688,6.564334E-05" name="(AM-SAP) Linear Aerospike" materials="4,4,4,4,4" mirrored="true" texture="Default">
          <Drag drag="0.5253441,0,6.928878E-05,0.1837457,0.01286372,0.01715163" area="0.5274122,0,0.0007361931,0.2375413,0.01286372,0.01715163" />
          <Config massScale="0" inertiaTensorUserScale="50" partCollisionHandling="Never" />
          <Fuselage bottomScale="1.342216,0.03638377" cornerRadiuses="0,0,0,0,0,0,0,0" offset="0.001356917,0.1100973,-0.006689867" topScale="1.340513,0.03638377" />
          <FuelTank capacity="23.64198" fuel="23.64198" fuelType="LOX/LH2" />
        </Part>
        <Part id="1405" partType="Fuselage1" position="-0.00893116,-1.41369,-0.1998448" rotation="271.9258,180.0051,-0.00275424" name="(AM-SAP) Linear Aerospike" materials="2,2,2,2,2" mirrored="true" texture="Default">
          <Drag drag="0,0,0,0.8984796,0.02572745,0.02572745" area="0,0,0,0.8984796,0.02572745,0.02572745" />
          <Config massScale="0" inertiaTensorUserScale="50" partCollisionHandling="Never" />
          <Fuselage bottomScale="1.304871,0.03638377" cornerRadiuses="0,0,0,0,0,0,0,0" offset="-0.002242692,0.24968,-0.008195853" topScale="1.301022,0.03638377" />
          <FuelTank capacity="52.0799522" fuel="52.0799522" fuelType="LOX/LH2" />
        </Part>
        <Part id="1406" partType="FuelAdapter1" position="-0.02069712,0.2319081,0.7218509" rotation="-0.0001206994,90.0022,-0.002256531" name="(AM-SAP) Linear Aerospike" materials="4,1,2,3,4" mirrored="true">
          <Drag drag="0,0,0,0,0,0" area="0,0,0,0,0,0" />
          <Config massScale="0" partScale="0.05,0.05,0.05" />
        </Part>
        <Part id="1407" partType="Fuselage1" position="-0.03068066,0.1890993,0.9178414" rotation="-0.0003571628,85.5522,-0.002389387" name="(AM-SAP) Linear Aerospike" materials="4,4,4,4,4" texture="Default">
          <Drag drag="0,0,0.01194461,0.002944773,0.0002858605,0.0003699372" area="0,0,0.01251529,0.002944773,0.004287908,0.004287908" />
          <Config massScale="0" fuelLine="true" />
          <Fuselage bottomScale="0.03943789,1.306509" cornerRadiuses="1,1,1,1,0,0,0,0" offset="0.02298563,0.050163,-0.004813949" topScale="0,0.1347248" />
          <FuelTank autoFuelType="false" capacity="3.79088855" fuel="3.79088855" fuelType="LOX/LH2" />
        </Part>
        <Part id="1408" partType="Fuselage1" position="-0.03230381,0.2520478,0.8852696" rotation="0.8670351,90.47659,345.0349" name="(AM-SAP) Linear Aerospike" materials="4,4,4,4,4" texture="Default">
          <Drag drag="0,0,0,0,0,0.003968417" area="0,0,0,0,0,0.004287908" />
          <Config massScale="0" fuelLine="true" />
          <Fuselage bottomScale="0,0.1347248" offset="0.00236456,0.05070185,0.0007902983" topScale="0.1347248,0.1347248" />
          <FuelTank autoFuelType="false" capacity="1.06008375" fuel="1.06008375" fuelType="LOX/LH2" />
        </Part>
        <Part id="1409" partType="Fuselage1" position="-0.03042316,0.2841885,0.8627629" rotation="0.8669446,90.47659,320.035" name="(AM-SAP) Linear Aerospike" materials="4,4,4,4,4" texture="Default">
          <Drag drag="0,0.006036702,0,0,0.008878492,0.01133353" area="0,0.008575816,0,0,0.01286372,0.01715163" />
          <Config massScale="0" fuelLine="true" />
          <Fuselage bottomScale="0.1347248,0.1347248" offset="0.00236456,0.05070185,0.0007902983" topScale="0.1347248,0.1347248" />
          <FuelTank autoFuelType="false" capacity="3.1802516" fuel="3.1802516" fuelType="LOX/LH2" />
        </Part>
        <Part id="1410" partType="Fuselage1" position="-0.02856159,0.3350444,0.8039346" rotation="0.8670402,90.47659,310.0349" name="(AM-SAP) Linear Aerospike" materials="4,4,4,4,4" texture="Default">
          <Drag drag="0,0,0,0,0,0.01219111" area="0,0,0,0,0,0.01286372" />
          <Config massScale="0" fuelLine="true" />
          <Fuselage bottomScale="0.1347248,0.1347248" offset="0.00236456,0.05070185,0.0007902983" topScale="0.1347248,0.1347248" />
          <FuelTank autoFuelType="false" capacity="3.1802516" fuel="3.1802516" fuelType="LOX/LH2" />
        </Part>
        <Part id="1411" partType="Fuselage1" position="-0.03021145,0.3313501,0.4193029" rotation="0.8670795,90.4766,270.035" name="(AM-SAP) Linear Aerospike" materials="4,4,4,4,4" texture="Default">
          <Drag drag="0,0.004287908,0,0,0.1889538,0.1560463" area="0,0.004287908,0,0,0.2315471,0.1929559" />
          <Config massScale="0" fuelLine="true" />
          <Fuselage bottomScale="0.1347248,0.1347248" offset="0.0005890989,0.4317437,0.0007895973" topScale="0.1382838,0.1347248" />
          <FuelTank autoFuelType="false" capacity="27.4378548" fuel="27.4378548" fuelType="LOX/LH2" />
        </Part>
        <Part id="1412" partType="Fuselage1" position="0.02464056,0.08549929,0.9150014" rotation="-0.002212983,0.002200688,7.723919E-05" name="(AM-SAP) Linear Aerospike" materials="4,4,4,4,4" texture="Default">
          <Drag drag="0,0.01694985,0.01401269,0.0005196659,0.0163445,0.02143954" area="0,0.01715163,0.02515321,0.00331287,0.01715163,0.02143954" />
          <Config massScale="0" fuelLine="true" />
          <Fuselage bottomScale="1.334734,0.06416753" cornerRadiuses="0,0,0,0,0,0,0,0" offset="-0.01340341,0.0863359,0.02613514" topScale="1.306509,0.03943789" />
          <FuelTank autoFuelType="false" capacity="25.7814445" fuel="25.7814445" fuelType="LOX/LH2" />
        </Part>
        <Part id="1413" partType="FuelAdapter1" position="1.056705,-0.08900094,0.9681287" rotation="0.002281283,180.0022,1.342375E-05" name="(AM-SAP) Linear Aerospike" materials="1,1,1,1,1">
          <Drag drag="0,0,0,0,0,0" area="0,0,0,0,0,0" />
          <Config massScale="0" partScale="0.05,0.05,0.05" />
        </Part>
        <Part id="1414" partType="RocketEngine1" position="1.110717,0.4211614,1.071922" rotation="345.0024,180.0023,-0.0001404651" name="(AM-SAP) Linear Aerospike" activationStage="0" materials="2,2,2,2,2">
          <Drag drag="0.00823951,0.09554468,0.0610342,0.04052429,0.06741264,0" area="0.01715163,0.1286372,0.08061292,0.06257658,0.09862185,0" />
          <Config massScale="0" partScale="0.5,0.5,0.5" />
          <FuelSource fuelTankPartIds="1438,1437,1436,1435,1434,1433,1432,1431,1411,1410,1409,1408,1365,1366,1369,1441,1370,1407,1412" fuelType="LOX/LH2" totalCapacity="403.521423" totalFuel="403.521423" />
          <RocketEngine engineSubTypeId="Staged1" gimbalRange="0" mass="3.75940752" nozzleSize="0" nozzleThroatSize="0.5" nozzleTypeId="Aerospike" price="502605" size="0.5" />
        </Part>
        <Part id="1415" partType="FuelAdapter1" position="-1.133826,-0.06396484,1.003839" rotation="0.002281282,180.0022,5.81307E-05" name="(AM-SAP) Linear Aerospike" materials="1,1,1,1,1">
          <Drag drag="0,0,0,0,0,0" area="0,0,0,0,0,0" />
          <Config massScale="0" partScale="0.05,0.05,0.05" />
        </Part>
        <Part id="1416" partType="RocketEngine1" position="-1.114393,0.4250448,1.078079" rotation="345.0024,180.0023,-0.0001404651" name="(AM-SAP) Linear Aerospike" activationStage="0" materials="2,2,2,2,2">
          <Drag drag="0,0.07212094,0.04228783,0.03429938,0,0.07168373" area="0,0.09862185,0.05460109,0.05177899,0,0.09433395" />
          <Config massScale="0" partScale="0.5,0.5,0.5" />
          <FuelSource fuelTankPartIds="1438,1437,1436,1435,1434,1433,1432,1431,1411,1410,1409,1408,1365,1366,1369,1441,1370,1407,1412" fuelType="LOX/LH2" totalCapacity="403.521423" totalFuel="403.521423" />
          <RocketEngine engineSubTypeId="Staged1" gimbalRange="0" mass="3.75940752" nozzleSize="0" nozzleThroatSize="0.5" nozzleTypeId="Aerospike" price="502605" size="0.5" />
        </Part>
        <Part id="1417" partType="FuelAdapter1" position="-0.8877058,-0.05936241,0.9745188" rotation="0.002281282,180.0022,5.81307E-05" name="(AM-SAP) Linear Aerospike" materials="0,1,2,3,4">
          <Drag drag="0,0,0,0,0,0" area="0,0,0,0,0,0" />
          <Config massScale="0" partScale="0.05,0.05,0.05" />
        </Part>
        <Part id="1418" partType="RocketEngine1" position="-0.867774,0.422117,1.074525" rotation="345.0024,180.0023,-0.0001404651" name="(AM-SAP) Linear Aerospike" activationStage="0" materials="2,2,2,2,2">
          <Drag drag="0.003211727,0.07893115,0.002018517,0.03222074,0,0" area="0.004287908,0.1114856,0.002576676,0.0492023,0,0" />
          <Config massScale="0" partScale="0.5,0.5,0.5" />
          <FuelSource fuelTankPartIds="1438,1437,1436,1435,1434,1433,1432,1431,1411,1410,1409,1408,1365,1366,1369,1441,1370,1407,1412" fuelType="LOX/LH2" totalCapacity="403.521423" totalFuel="403.521423" />
          <RocketEngine engineSubTypeId="Staged1" gimbalRange="0" mass="3.75940752" nozzleSize="0" nozzleThroatSize="0.5" nozzleTypeId="Aerospike" price="502605" size="0.5" />
        </Part>
        <Part id="1419" partType="FuelAdapter1" position="-0.5892558,-0.06898332,0.9830217" rotation="0.002281282,180.0022,5.81307E-05" name="(AM-SAP) Linear Aerospike" materials="1,1,2,3,4">
          <Drag drag="0,0,0,0,0,0" area="0,0,0,0,0,0" />
          <Config massScale="0" partScale="0.05,0.05,0.05" />
        </Part>
        <Part id="1420" partType="RocketEngine1" position="-0.6248837,0.4249837,1.073024" rotation="345.0024,180.0023,-0.0001404651" name="(AM-SAP) Linear Aerospike" activationStage="0" materials="2,2,2,2,2">
          <Drag drag="0.002471853,0.08643077,0,0.03171358,0,0.001395672" area="0.004287908,0.1329251,0,0.0483434,0,0.004287908" />
          <Config massScale="0" partScale="0.5,0.5,0.5" />
          <FuelSource fuelTankPartIds="1438,1437,1436,1435,1434,1433,1432,1431,1411,1410,1409,1408,1365,1366,1369,1441,1370,1407,1412" fuelType="LOX/LH2" totalCapacity="403.521423" totalFuel="403.521423" />
          <RocketEngine engineSubTypeId="Staged1" gimbalRange="0" mass="3.75940752" nozzleSize="0" nozzleThroatSize="0.5" nozzleTypeId="Aerospike" price="502605" size="0.5" />
        </Part>
        <Part id="1421" partType="FuelAdapter1" position="0.9108791,-0.03897095,1.050103" rotation="0.002281282,180.0022,5.81307E-05" name="(AM-SAP) Linear Aerospike" materials="0,1,2,3,4">
          <Drag drag="0,0,0,0,0,0" area="0,0,0,0,0,0" />
          <Config massScale="0" partScale="0.05,0.05,0.05" />
        </Part>
        <Part id="1422" partType="RocketEngine1" position="0.8612537,0.4218004,1.073688" rotation="345.0024,180.0023,-0.0001404651" name="(AM-SAP) Linear Aerospike" activationStage="0" materials="2,2,2,2,2">
          <Drag drag="0.002976313,0.09285422,0.01820179,0.03164381,0,0" area="0.004287908,0.1286372,0.02233116,0.0501839,0,0" />
          <Config massScale="0" partScale="0.5,0.5,0.5" />
          <FuelSource fuelTankPartIds="1438,1437,1436,1435,1434,1433,1432,1431,1411,1410,1409,1408,1365,1366,1369,1441,1370,1407,1412" fuelType="LOX/LH2" totalCapacity="403.521423" totalFuel="403.521423" />
          <RocketEngine engineSubTypeId="Staged1" gimbalRange="0" mass="3.75940752" nozzleSize="0" nozzleThroatSize="0.5" nozzleTypeId="Aerospike" price="502605" size="0.5" />
        </Part>
        <Part id="1423" partType="FuelAdapter1" position="0.6628675,-0.05897713,1.034929" rotation="0.002281282,180.0022,5.81307E-05" name="(AM-SAP) Linear Aerospike" materials="1,1,2,3,4">
          <Drag drag="0,0,0,0,0,0" area="0,0,0,0,0,0" />
          <Config massScale="0" partScale="0.2,0.2,0.2" />
        </Part>
        <Part id="1424" partType="RocketEngine1" position="0.6094232,0.4206769,1.07459" rotation="345.0024,180.0023,-0.0001404651" name="(AM-SAP) Linear Aerospike" activationStage="0" materials="2,2,2,2,2">
          <Drag drag="0.002606375,0.1020186,0,0.03258835,0,0" area="0.004287908,0.1415009,0,0.0507974,0,0" />
          <Config massScale="0" partScale="0.5,0.5,0.5" />
          <FuelSource fuelTankPartIds="1438,1437,1436,1435,1434,1433,1432,1431,1411,1410,1409,1408,1365,1366,1369,1441,1370,1407,1412" fuelType="LOX/LH2" totalCapacity="403.521423" totalFuel="403.521423" />
          <RocketEngine engineSubTypeId="Staged1" gimbalRange="0" mass="3.75940752" nozzleSize="0" nozzleThroatSize="0.5" nozzleTypeId="Aerospike" price="502605" size="0.5" />
        </Part>
        <Part id="1425" partType="FuelAdapter1" position="0.4180179,-0.06897378,1.027405" rotation="0.002281282,180.0022,5.81307E-05" name="(AM-SAP) Linear Aerospike" materials="0,1,2,3,4">
          <Drag drag="0,0,0,0,0,0" area="0,0,0,0,0,0" />
          <Config massScale="0" partScale="0.05,0.05,0.05" />
        </Part>
        <Part id="1426" partType="RocketEngine1" position="0.3701739,0.422117,1.077405" rotation="345.0024,180.0023,-0.0001404651" name="(AM-SAP) Linear Aerospike" activationStage="0" materials="2,2,2,2,2">
          <Drag drag="0,0.07536629,0,0.03193683,0.0004876445,0" area="0,0.1029098,0,0.0495704,0.004287908,0" />
          <Config massScale="0" partScale="0.5,0.5,0.5" />
          <FuelSource fuelTankPartIds="1438,1437,1436,1435,1434,1433,1432,1431,1411,1410,1409,1408,1365,1366,1369,1441,1370,1407,1412" fuelType="LOX/LH2" totalCapacity="403.521423" totalFuel="403.521423" />
          <RocketEngine engineSubTypeId="Staged1" gimbalRange="0" mass="3.75940752" nozzleSize="0" nozzleThroatSize="0.5" nozzleTypeId="Aerospike" price="502605" size="0.5" />
        </Part>
        <Part id="1427" partType="FuelAdapter1" position="0.1844583,-0.06897759,1.021642" rotation="0.002281282,180.0022,5.81307E-05" name="(AM-SAP) Linear Aerospike" materials="0,1,2,3,4">
          <Drag drag="0,0,0,0,0,0" area="0,0,0,0,0,0" />
          <Config massScale="0" partScale="0.05,0.05,0.05" />
        </Part>
        <Part id="1428" partType="RocketEngine1" position="0.1156712,0.4290388,1.079156" rotation="345.0024,180.0023,-0.0001404651" name="(AM-SAP) Linear Aerospike" activationStage="0" materials="2,2,2,2,2">
          <Drag drag="0.002488668,0.08029318,0,0.03367291,0.003514403,0.003514403" area="0.004287908,0.1071977,0,0.05190169,0.004287908,0.004287908" />
          <Config massScale="0" partScale="0.5,0.5,0.5" />
          <FuelSource fuelTankPartIds="1438,1437,1436,1435,1434,1433,1432,1431,1411,1410,1409,1408,1365,1366,1369,1441,1370,1407,1412" fuelType="LOX/LH2" totalCapacity="403.521423" totalFuel="403.521423" />
          <RocketEngine engineSubTypeId="Staged1" gimbalRange="0" mass="3.75940752" nozzleSize="0" nozzleThroatSize="0.5" nozzleTypeId="Aerospike" price="502605" size="0.5" />
        </Part>
        <Part id="1429" partType="FuelAdapter1" position="-0.3002567,-0.06898141,1.0015" rotation="0.002281282,180.0022,5.81307E-05" name="(AM-SAP) Linear Aerospike" materials="0,1,2,3,4">
          <Drag drag="0,0,0,0,0,0" area="0,0,0,0,0,0" />
          <Config massScale="0" partScale="0.05,0.05,0.05" />
        </Part>
        <Part id="1430" partType="RocketEngine1" position="-0.3824239,0.4209917,1.081506" rotation="345.0024,180.0023,-0.0001404651" name="(AM-SAP) Linear Aerospike" activationStage="0" materials="2,2,2,2,2">
          <Drag drag="0.004876445,0.09129041,0,0.0339486,6.72613E-05,6.72613E-05" area="0.008575816,0.1286372,0,0.05251519,0.004287908,0.004287908" />
          <Config massScale="0" partScale="0.5,0.5,0.5" />
          <FuelSource fuelTankPartIds="1438,1437,1436,1435,1434,1433,1432,1431,1411,1410,1409,1408,1365,1366,1369,1441,1370,1407,1412" fuelType="LOX/LH2" totalCapacity="403.521423" totalFuel="403.521423" />
          <RocketEngine engineSubTypeId="Staged1" gimbalRange="0" mass="3.75940752" nozzleSize="0" nozzleThroatSize="0.5" nozzleTypeId="Aerospike" price="502605" size="0.5" />
        </Part>
        <Part id="1431" partType="Fuselage1" position="0.02583075,-0.1470571,0.8150864" rotation="339.0022,180.0022,-0.000135159" name="(AM-SAP) Linear Aerospike" materials="4,4,4,4,4" texture="Default">
          <Drag drag="0.004086124,0.4718891,0.01239834,0.2075309,0.02989765,0.03001535" area="0.008575816,0.5445638,0.03202431,0.4229352,0.03001535,0.03001535" />
          <Config massScale="0" inertiaTensorUserScale="50" partCollisionHandling="Never" />
          <Fuselage bottomScale="1.324671,0.04763364" cornerRadiuses="0,0,0,0,0,0,0,0" offset="-0.01220841,0.1629442,-0.01648657" topScale="1.334734,0.06416753" />
          <FuelTank capacity="53.116478" fuel="53.116478" fuelType="LOX/LH2" />
        </Part>
        <Part id="1432" partType="Fuselage1" position="0.01024961,-0.408494,0.6934276" rotation="342.0021,180.0023,-0.0002079976" name="(AM-SAP) Linear Aerospike" materials="4,4,4,4,4" texture="Default">
          <Drag drag="0,0.6335356,0.00493683,0.1048813,0.02572745,0.02572745" area="0,0.6946402,0.01398768,0.2656387,0.02572745,0.02572745" />
          <Config massScale="0" inertiaTensorUserScale="50" partCollisionHandling="Never" />
          <Fuselage bottomScale="1.328871,0.04251125" cornerRadiuses="0,0,0,0,0,0,0,0" offset="-0.001843711,0.1342681,-0.009441759" topScale="1.326195,0.04830082" />
          <FuelTank capacity="35.5853462" fuel="35.5853462" fuelType="LOX/LH2" />
        </Part>
        <Part id="1433" partType="Fuselage1" position="0.007138729,-0.6123142,0.6138468" rotation="347.0021,180.0022,-0.0002535324" name="(AM-SAP) Linear Aerospike" materials="4,4,4,4,4" texture="Default">
          <Drag drag="0,0.3281678,0.001672553,0.0630095,0.01286372,0.01286372" area="0,0.3516083,0.00564415,0.1765613,0.01286372,0.01286372" />
          <Config massScale="0" inertiaTensorUserScale="50" partCollisionHandling="Never" />
          <Fuselage bottomScale="1.330391,0.04078104" cornerRadiuses="0,0,0,0,0,0,0,0" offset="-0.001265989,0.08355714,-0.01058921" topScale="1.328871,0.04251125" />
          <FuelTank capacity="20.3567047" fuel="20.3567047" fuelType="LOX/LH2" />
        </Part>
        <Part id="1434" partType="Fuselage1" position="0.005536556,-0.7693772,0.5622659" rotation="352.0023,180.0022,-0.0002468628" name="(AM-SAP) Linear Aerospike" materials="4,4,4,4,4" texture="Default">
          <Drag drag="0,0.504662,0.0008059632,0.03418217,0.01715163,0.01715163" area="0,0.5274122,0.003067472,0.1177899,0.01715163,0.01715163" />
          <Config massScale="0" inertiaTensorUserScale="50" partCollisionHandling="Never" />
          <Fuselage bottomScale="1.330046,0.03842806" cornerRadiuses="0,0,0,0,0,0,0,0" offset="-0.0003340739,0.08039087,-0.01139353" topScale="1.330391,0.04078104" />
          <FuelTank capacity="18.632225" fuel="18.632225" fuelType="LOX/LH2" />
        </Part>
        <Part id="1435" partType="Fuselage1" position="0.005689144,-0.9274206,0.5198197" rotation="352.0023,180.0022,-0.0002468628" name="(AM-SAP) Linear Aerospike" materials="4,4,4,4,4" texture="Default">
          <Drag drag="0,0.3433354,0.0005889545,0.01940085,0.008575816,0.008575816" area="0,0.3516083,0.00220858,0.08834278,0.008575816,0.008575816" />
          <Config massScale="0" inertiaTensorUserScale="50" partCollisionHandling="Never" />
          <Fuselage bottomScale="1.32806,0.04251125" cornerRadiuses="0,0,0,0,0,0,0,0" offset="0.0004872457,0.08201844,-0.008651942" topScale="1.330046,0.03842806" />
          <FuelTank capacity="19.401741" fuel="19.401741" fuelType="LOX/LH2" />
        </Part>
        <Part id="1436" partType="Fuselage1" position="0.005122662,-1.077083,0.4885139" rotation="357.0021,180.0023,-0.0001725147" name="(AM-SAP) Linear Aerospike" materials="4,4,4,4,4" texture="Default">
          <Drag drag="0,0.3460929,0.0001010461,0.01062424,0.01286372,0.01286372" area="0,0.3516083,0.0007361931,0.05889559,0.01286372,0.01286372" />
          <Config massScale="0" inertiaTensorUserScale="50" partCollisionHandling="Never" />
          <Fuselage bottomScale="1.329152,0.03943636" cornerRadiuses="0,0,0,0,0,0,0,0" offset="-0.001052772,0.0701413,-0.007667648" topScale="1.32806,0.04251125" />
          <FuelTank capacity="16.7966461" fuel="16.7966461" fuelType="LOX/LH2" />
        </Part>
        <Part id="1437" partType="Fuselage1" position="0.003137112,-1.217193,0.4657917" rotation="356.0022,180.0023,-6.104849E-05" name="(AM-SAP) Linear Aerospike" materials="4,4,4,4,4" texture="Default">
          <Drag drag="0,0.3460929,5.052306E-05,0.01593636,0.01286372,0.01286372" area="0,0.3516083,0.0003680966,0.08834278,0.01286372,0.01286372" />
          <Config massScale="0" inertiaTensorUserScale="50" partCollisionHandling="Never" />
          <Fuselage bottomScale="1.330004,0.03638377" cornerRadiuses="0,0,0,0,0,0,0,0" offset="-0.000931456,0.07108464,-0.006455008" topScale="1.329152,0.03943636" />
          <FuelTank capacity="15.7607059" fuel="15.7607059" fuelType="LOX/LH2" />
        </Part>
        <Part id="1438" partType="Fuselage1" position="0.001943111,-1.402648,0.4421821" rotation="358.0022,180.0023,-0.0001074547" name="(AM-SAP) Linear Aerospike" materials="4,4,4,4,4" texture="Default">
          <Drag drag="0,0.5296152,5.196658E-05,0.1829205,0.01286372,0.01715163" area="0,0.5317001,0.0004907954,0.2355782,0.01286372,0.01715163" />
          <Config massScale="0" inertiaTensorUserScale="50" partCollisionHandling="Never" />
          <Fuselage bottomScale="1.329518,0.03638377" cornerRadiuses="0,0,0,0,0,0,0,0" offset="-0.0002634542,0.1153449,-0.008197197" topScale="1.330004,0.03638377" />
          <FuelTank capacity="24.5545731" fuel="24.5545731" fuelType="LOX/LH2" />
        </Part>
        <Part id="1439" partType="Fuselage1" position="-0.01059437,-1.413682,0.207736" rotation="271.9197,0.005110241,-0.003040427" name="(AM-SAP) Linear Aerospike" materials="2,2,2,2,2" texture="Default">
          <Drag drag="0,0.1715163,0,1.156006,0.03430326,0.02572745" area="0,0.1715163,0,1.156006,0.03430326,0.02572745" />
          <Config massScale="0" inertiaTensorUserScale="50" partCollisionHandling="Never" />
          <Fuselage bottomScale="1.306226,0.03638377" cornerRadiuses="0,0,0,0,0,0,0,0" offset="0.001918925,0.2496808,-0.008196642" topScale="1.301612,0.03638377" />
          <FuelTank capacity="52.1189842" fuel="52.1189842" fuelType="LOX/LH2" />
        </Part>
        <Part id="1440" partType="RocketEngine1" position="-0.1292892,0.4250448,1.061834" rotation="345.8428,179.9625,0.3237709" name="(AM-SAP) Linear Aerospike" activationStage="0" materials="2,2,2,2,2">
          <Drag drag="0,0.0841439,0,0.03854379,0.002505484,0.002488668" area="0,0.1200614,0,0.05631889,0.004287908,0.004287908" />
          <Config massScale="0" partScale="0.5,0.5,0.5" />
          <FuelSource fuelTankPartIds="1438,1437,1436,1435,1434,1433,1432,1431,1411,1410,1409,1408,1365,1366,1369,1441,1370,1407,1412" fuelType="LOX/LH2" totalCapacity="403.521423" totalFuel="403.521423" />
          <RocketEngine engineSubTypeId="Staged1" gimbalRange="0" mass="3.75940752" nozzleSize="0" nozzleThroatSize="0.5" nozzleTypeId="Aerospike" price="502605" size="0.5" />
        </Part>
        <Part id="1441" partType="Fuselage1" position="-0.02141476,0.2811947,-0.002502918" rotation="0.0001231108,270.0023,0.002365199" name="(AM-SAP) Linear Aerospike" materials="4,4,4,4,4">
          <Drag drag="0,0,0,0,0,0" area="0,0,0,0,0,0" />
          <Config massScale="0" />
          <Fuselage bottomScale="0.0327167,0.0327167" offset="0.00236456,0.05070185,0.0007902983" topScale="0.1000137,0.1000137" />
          <FuelTank autoFuelType="false" capacity="0.8378244" fuel="0.8378244" fuelType="LOX/LH2" />
        </Part>
      </Parts>
      <Connections>
        <Connection partA="1365" partB="1366" attachPointsA="1,5" attachPointsB="2,4" />
        <Connection partA="1367" partB="1366" attachPointsA="1" attachPointsB="1" symmetryId="cf25cf86-d26d-4f80-8128-59a653bbeecd" />
        <Connection partA="1368" partB="1367" attachPointsA="1" attachPointsB="0" symmetryId="4229bec2-71c5-4d1e-967e-5abe8d7f88ab">
          <BodyJoint body="1" connectedBody="13" breakTorque="1E+07" breakForce="0" jointType="Hinge" position="0.02002262,-0.2697147,-0.0156931" connectedPosition="2.179295E-06,4.327297E-05,-1.133978E-05" axis="1,8.734065E-06,-1.589914E-07" secondaryAxis="1.589929E-07,-3.576463E-07,1" />
        </Connection>
        <Connection partA="1369" partB="1368" attachPointsA="2" attachPointsB="0" symmetryId="e9c9d3a5-aaec-49c1-9b25-4781f2e1d53c">
          <BodyJoint body="13" connectedBody="14" breakTorque="1E+07" breakForce="0" jointType="Hinge" position="5.476177E-07,-0.2496009,9.857118E-06" connectedPosition="-0.02048673,0.3425925,0.02043096" axis="-3.945827E-05,-3.94861E-05,-1" secondaryAxis="1,1.966953E-06,-3.930926E-05" />
        </Connection>
        <Connection partA="1370" partB="1369" attachPointsA="2,4" attachPointsB="1,5" symmetryId="526d98a5-1b9a-43ac-9691-888e71f69842" />
        <Connection partA="1371" partB="1370" attachPointsA="0" attachPointsB="0" symmetryId="ec1147d8-c9e1-4f6e-ba37-33052eeb69a2" />
        <Connection partA="1406" partB="1370" attachPointsA="0" attachPointsB="0" symmetryId="ec1147d8-c9e1-4f6e-ba37-33052eeb69a2" />
        <Connection partA="1441" partB="1370" attachPointsA="2,4" attachPointsB="1,5" symmetryId="8f55ea3e-d991-45ed-96bd-9f8e097461c9" />
        <Connection partA="1372" partB="1371" attachPointsA="2" attachPointsB="1" symmetryId="404dcccd-73e7-41ef-ba7d-af31c0ffd339" />
        <Connection partA="1373" partB="1372" attachPointsA="5" attachPointsB="4" symmetryId="7e92bbbc-ced8-4450-ab7c-c0a5fda6264f" />
        <Connection partA="1377" partB="1372" attachPointsA="2" attachPointsB="1" symmetryId="cf183069-ff0a-47af-a5da-00ae5c639603" />
        <Connection partA="1374" partB="1373" attachPointsA="1" attachPointsB="2" symmetryId="902bb566-a83b-478e-bf89-7b89e7d0e556" />
        <Connection partA="1375" partB="1374" attachPointsA="1" attachPointsB="2" symmetryId="807325e7-f8b4-4749-a395-d41a6ed374af" />
        <Connection partA="1376" partB="1375" attachPointsA="1" attachPointsB="2" symmetryId="deb7cae3-70ad-484a-9be2-21468db160d6" />
        <Connection partA="1378" partB="1377" attachPointsA="0" attachPointsB="0" symmetryId="739c3fdd-5934-4167-ac1d-9f347687a681" />
        <Connection partA="1380" partB="1377" attachPointsA="0" attachPointsB="0" symmetryId="f49404ae-8116-47df-bd9c-d4988a1b11ba" />
        <Connection partA="1382" partB="1377" attachPointsA="0" attachPointsB="0" symmetryId="6f56b405-afa1-45fe-b4d4-f6c02ea3a45c" />
        <Connection partA="1384" partB="1377" attachPointsA="0" attachPointsB="0" symmetryId="ee14cf88-cd3b-4b26-a62d-81537a03a8eb" />
        <Connection partA="1386" partB="1377" attachPointsA="0" attachPointsB="0" symmetryId="3481b1a5-0550-494b-8588-8ba2ee81ca24" />
        <Connection partA="1388" partB="1377" attachPointsA="0" attachPointsB="0" symmetryId="d6e1ca4f-fcb8-44ad-ad86-bc841d28e6f9" />
        <Connection partA="1390" partB="1377" attachPointsA="0" attachPointsB="0" symmetryId="eeadd7ac-dffe-4430-b745-1d7fdd07f251" />
        <Connection partA="1392" partB="1377" attachPointsA="0" attachPointsB="0" symmetryId="8577fbbb-bab3-4c26-a593-03bb34a8afb3" />
        <Connection partA="1394" partB="1377" attachPointsA="0" attachPointsB="0" symmetryId="df47219d-70b8-4144-85a8-a73c17b20163" />
        <Connection partA="1396" partB="1377" attachPointsA="0" attachPointsB="1" symmetryId="e5e6df09-9fb8-44c3-bbe1-e942e02a9bc0" />
        <Connection partA="1397" partB="1377" attachPointsA="4" attachPointsB="5" symmetryId="45b54d2e-9be5-426d-87e5-c2636a5ece49" />
        <Connection partA="1379" partB="1378" attachPointsA="0" attachPointsB="1" symmetryId="e67deafb-0b21-44ef-b411-af70a7b775dd" />
        <Connection partA="1381" partB="1380" attachPointsA="0" attachPointsB="1" symmetryId="15c73686-d37f-48d8-a4f1-0b9f461af0f7" />
        <Connection partA="1383" partB="1382" attachPointsA="0" attachPointsB="1" symmetryId="c7dd2998-78d1-469d-aa38-69945c1ea28f" />
        <Connection partA="1385" partB="1384" attachPointsA="0" attachPointsB="1" symmetryId="484385d9-0d35-464c-bf52-69c504454df5" />
        <Connection partA="1387" partB="1386" attachPointsA="0" attachPointsB="1" symmetryId="9691860c-9279-4a5b-8d6c-17340475f057" />
        <Connection partA="1389" partB="1388" attachPointsA="0" attachPointsB="1" symmetryId="cc1158f9-c8e7-4b12-843a-bcfa4a2c49fb" />
        <Connection partA="1391" partB="1390" attachPointsA="0" attachPointsB="1" symmetryId="46dae73f-e1ee-4e17-bbc9-c85217f39aca" />
        <Connection partA="1393" partB="1392" attachPointsA="0" attachPointsB="1" symmetryId="07bf14d5-3f92-4015-92b2-8063745b02da" />
        <Connection partA="1395" partB="1394" attachPointsA="0" attachPointsB="1" symmetryId="d74764b1-9613-481c-af77-b56c27aa3eb8" />
        <Connection partA="1398" partB="1397" attachPointsA="2,4" attachPointsB="1,5" symmetryId="70448880-a20d-4af6-82eb-c28e8ce69d70" />
        <Connection partA="1399" partB="1398" attachPointsA="2,4" attachPointsB="1,5" symmetryId="197c0554-7a2a-4de3-9ad4-56301592bf3a" />
        <Connection partA="1400" partB="1399" attachPointsA="2,4" attachPointsB="1,5" symmetryId="b30295da-bb6c-4efc-a138-87e3899e40d4" />
        <Connection partA="1401" partB="1400" attachPointsA="2,4" attachPointsB="1,5" symmetryId="f5ccb3e4-a5e3-4fc1-82cc-bbdaad8af86b" />
        <Connection partA="1402" partB="1401" attachPointsA="2,4" attachPointsB="1,5" symmetryId="b80b986a-9405-47c9-9363-27661fdbfb5d" />
        <Connection partA="1403" partB="1402" attachPointsA="2,4" attachPointsB="1,5" symmetryId="e1443676-530f-47c6-bbb8-7a8bd97801ee" />
        <Connection partA="1404" partB="1403" attachPointsA="2,4" attachPointsB="1,5" symmetryId="078990cd-b422-4ccd-9e44-3171757e9ec2" />
        <Connection partA="1405" partB="1403" attachPointsA="3" attachPointsB="0" symmetryId="9c5ea338-45da-4ca3-ac40-1c46e6a515b8" />
        <Connection partA="1407" partB="1406" attachPointsA="2" attachPointsB="1" symmetryId="404dcccd-73e7-41ef-ba7d-af31c0ffd339" />
        <Connection partA="1408" partB="1407" attachPointsA="5" attachPointsB="4" symmetryId="7e92bbbc-ced8-4450-ab7c-c0a5fda6264f" />
        <Connection partA="1412" partB="1407" attachPointsA="2,4" attachPointsB="1,5" symmetryId="cf183069-ff0a-47af-a5da-00ae5c639603" />
        <Connection partA="1409" partB="1408" attachPointsA="1,5" attachPointsB="2,4" symmetryId="902bb566-a83b-478e-bf89-7b89e7d0e556" />
        <Connection partA="1410" partB="1409" attachPointsA="1,5" attachPointsB="2,4" symmetryId="807325e7-f8b4-4749-a395-d41a6ed374af" />
        <Connection partA="1411" partB="1410" attachPointsA="1,5" attachPointsB="2,4" symmetryId="deb7cae3-70ad-484a-9be2-21468db160d6" />
        <Connection partA="1413" partB="1412" attachPointsA="0" attachPointsB="0" symmetryId="739c3fdd-5934-4167-ac1d-9f347687a681" />
        <Connection partA="1415" partB="1412" attachPointsA="0" attachPointsB="0" symmetryId="f49404ae-8116-47df-bd9c-d4988a1b11ba" />
        <Connection partA="1417" partB="1412" attachPointsA="0" attachPointsB="0" symmetryId="6f56b405-afa1-45fe-b4d4-f6c02ea3a45c" />
        <Connection partA="1419" partB="1412" attachPointsA="0" attachPointsB="0" symmetryId="ee14cf88-cd3b-4b26-a62d-81537a03a8eb" />
        <Connection partA="1421" partB="1412" attachPointsA="0" attachPointsB="0" symmetryId="3481b1a5-0550-494b-8588-8ba2ee81ca24" />
        <Connection partA="1423" partB="1412" attachPointsA="0" attachPointsB="0" symmetryId="d6e1ca4f-fcb8-44ad-ad86-bc841d28e6f9" />
        <Connection partA="1425" partB="1412" attachPointsA="0" attachPointsB="0" symmetryId="eeadd7ac-dffe-4430-b745-1d7fdd07f251" />
        <Connection partA="1427" partB="1412" attachPointsA="0" attachPointsB="0" symmetryId="8577fbbb-bab3-4c26-a593-03bb34a8afb3" />
        <Connection partA="1429" partB="1412" attachPointsA="0" attachPointsB="0" symmetryId="df47219d-70b8-4144-85a8-a73c17b20163" />
        <Connection partA="1431" partB="1412" attachPointsA="4" attachPointsB="5" symmetryId="45b54d2e-9be5-426d-87e5-c2636a5ece49" />
        <Connection partA="1440" partB="1412" attachPointsA="0" attachPointsB="1" />
        <Connection partA="1414" partB="1413" attachPointsA="0" attachPointsB="1" symmetryId="e67deafb-0b21-44ef-b411-af70a7b775dd" />
        <Connection partA="1416" partB="1415" attachPointsA="0" attachPointsB="1" symmetryId="15c73686-d37f-48d8-a4f1-0b9f461af0f7" />
        <Connection partA="1418" partB="1417" attachPointsA="0" attachPointsB="1" symmetryId="c7dd2998-78d1-469d-aa38-69945c1ea28f" />
        <Connection partA="1420" partB="1419" attachPointsA="0" attachPointsB="1" symmetryId="484385d9-0d35-464c-bf52-69c504454df5" />
        <Connection partA="1422" partB="1421" attachPointsA="0" attachPointsB="1" symmetryId="9691860c-9279-4a5b-8d6c-17340475f057" />
        <Connection partA="1424" partB="1423" attachPointsA="0" attachPointsB="1" symmetryId="cc1158f9-c8e7-4b12-843a-bcfa4a2c49fb" />
        <Connection partA="1426" partB="1425" attachPointsA="0" attachPointsB="1" symmetryId="46dae73f-e1ee-4e17-bbc9-c85217f39aca" />
        <Connection partA="1428" partB="1427" attachPointsA="0" attachPointsB="1" symmetryId="07bf14d5-3f92-4015-92b2-8063745b02da" />
        <Connection partA="1430" partB="1429" attachPointsA="0" attachPointsB="1" symmetryId="d74764b1-9613-481c-af77-b56c27aa3eb8" />
        <Connection partA="1432" partB="1431" attachPointsA="2" attachPointsB="1" symmetryId="70448880-a20d-4af6-82eb-c28e8ce69d70" />
        <Connection partA="1433" partB="1432" attachPointsA="2,4" attachPointsB="1,5" symmetryId="197c0554-7a2a-4de3-9ad4-56301592bf3a" />
        <Connection partA="1434" partB="1433" attachPointsA="2,4" attachPointsB="1,5" symmetryId="b30295da-bb6c-4efc-a138-87e3899e40d4" />
        <Connection partA="1435" partB="1434" attachPointsA="2,4" attachPointsB="1,5" symmetryId="f5ccb3e4-a5e3-4fc1-82cc-bbdaad8af86b" />
        <Connection partA="1436" partB="1435" attachPointsA="2,4" attachPointsB="1,5" symmetryId="b80b986a-9405-47c9-9363-27661fdbfb5d" />
        <Connection partA="1437" partB="1436" attachPointsA="2,4" attachPointsB="1,5" symmetryId="e1443676-530f-47c6-bbb8-7a8bd97801ee" />
        <Connection partA="1438" partB="1437" attachPointsA="2,4" attachPointsB="1,5" symmetryId="078990cd-b422-4ccd-9e44-3171757e9ec2" />
        <Connection partA="1439" partB="1437" attachPointsA="3" attachPointsB="0" symmetryId="9c5ea338-45da-4ca3-ac40-1c46e6a515b8" />
      </Connections>
      <Collisions />
      <Bodies />
    </Assembly>
  </DesignerPart>
</DesignerParts>