﻿<?xml version="1.0" encoding="utf-8"?>
<DesignerParts>
  <DesignerPart name="(AM-SAP) Nerva 2" category="Propulsion" description="Engine by Aerojet Mariodyne, Fuel: Liquid Hydrogen, Thrust: SL=399kn Vac=867kn, Isp: SL=380s Vac=825s" order="1000">
    <Assembly xmlVersion="9">
      <Parts>
        <Part id="2" partType="Fuselage1" position="0.004047275,1.118164,-0.07626057" rotation="6.830191E-06,-5.008956E-06,-6.378398E-13" materials="3,3,3,3,3" texture="Default">
          <Drag drag="0.2008152,0.2008152,0,0.8201757,0.2007341,0.2008152" area="0.2687534,0.2687534,0,0.8201757,0.2687534,0.2687534" />
          <Config massScale="0" />
          <Fuselage bottomScale="1.276734,1.276734" offset="7.124986E-15,0.05697393,2.037546E-08" supportsXZOffset="true" topScale="1.276734,1.276734" />
          <FuelTank capacity="320.936859" fuel="320.936859" fuelType="LH2" priority="0" subPriority="0" />
        </Part>
        <Part id="3" partType="Fuselage1" position="0.004047275,0.5890137,-0.07626104" rotation="3.415101E-06,-5.008956E-06,2.062659E-12" materials="3,3,3,3,3" texture="Fuselage9" textureTiling="8,3">
          <Drag drag="0.4889853,0.4889853,0,0.6111085,0.4887826,0.4889042" area="0.9613114,0.9613114,0,0.8201757,0.9613114,0.9613114" />
          <Config massScale="0" />
          <Fuselage bottomScale="0.1893652,0.1893652" offset="-7.412547E-14,0.4721685,-1.043349E-07" supportsXZOffset="true" topScale="1.24736,1.24736" />
          <FuelTank capacity="994.232666" fuel="994.232666" fuelType="LH2" priority="0" subPriority="-5" />
        </Part>
        <Part id="4" partType="Fuselage1" position="0.004047275,-0.06823587,-0.076262" rotation="3.415101E-06,-5.008956E-06,7.762216E-12" materials="2,2,2,2,2" texture="Default">
          <Drag drag="0.05857447,0.05857447,0,0,0.05833125,0.05861501" area="0.08269336,0.08269336,0,0,0.08269336,0.08269336" />
          <Config massScale="0" />
          <Fuselage bottomScale="0.1729466,0.1729466" offset="2.314171E-14,0.1850479,6.617823E-08" supportsXZOffset="true" topScale="0.1729466,0.1729466" />
          <FuelTank capacity="19.1271744" fuel="19.1271744" fuelType="LH2" priority="0" subPriority="-11" />
        </Part>
        <Part id="5" partType="RocketEngine1" position="0.004047275,-0.2095342,-0.076262" rotation="-6.830186E-06,-5.008956E-06,1.627082E-11" name="Nerva" activationStage="0" materials="2,2,2,2,4" nozzleExtensionTexture="RocketEngine_Extension4">
          <Drag drag="3.738392,3.195332,0,1.106119,3.600895,4.046225" area="5.209698,4.465443,0,2.553468,4.930602,5.46812" />
          <Config massScale="0.4" partScale="0.4,0.4,0.4" />
          <RocketEngine chamberPressure="0.1597" engineTypeId="Nuclear" fuelType="LH2" mass="283.3835" nozzleSize="1.35" nozzleThroatSize="1.7" nozzleTypeId="Delta" price="23464732" size="3.078" />
        </Part>
        <Part id="6" partType="Inlet1" position="0.004047275,-0.5498335,-0.07626343" rotation="-3.073585E-05,180,1.437126E-11" materials="3,3,3,3,3" texture="Fuselage4" textureTiling="0.5999999,1" textureOffset="0,0.1">
          <Drag drag="0.02849678,0.1734939,0,0,0.1531854,0.02841571" area="0.06202002,0.2274067,0,0,0.2067334,0.06202002" />
          <Config massScale="0" />
          <Fuselage bottomScale="0.4028844,0.4028844" offset="0,0.1692517,0" supportsXZOffset="true" topScale="0.4028844,0.4028844" />
          <Inlet />
        </Part>
        <Part id="7" partType="Inlet1" position="0.004047275,-2.677529,-0.0762682" rotation="-3.073585E-05,180,1.437126E-11" materials="2,2,2,2,2" texture="Default">
          <Drag drag="0.02756445,0.2813196,0,0.1856176,0.3382321,0.04645421" area="0.08269336,0.4134667,0,0.5170339,0.4754867,0.1033667" />
          <Config massScale="0" />
          <Fuselage bottomScale="0.5315425,0.5315425" offset="0,0.3404503,0" supportsXZOffset="true" topScale="0.2708636,0.2708636" />
          <Inlet />
        </Part>
        <Part id="8" partType="Strut1" position="0.003071666,-0.4372814,0.2069497" rotation="270,180,0" materials="9,9,9,9,9" texture="Default">
          <Drag drag="0,0,0,0,0,0" area="0,0,0,0,0,0" />
          <Config massScale="0" />
          <Fuselage bottomScale="0.05,0.05" cornerRadiuses="1,1,1,1,1,1,1,1" offset="0,0.1065857,1.490076E-08" supportsXZOffset="true" topScale="0.05,0.05" />
        </Part>
        <Part id="9" partType="Strut1" position="-0.03071225,-0.5242765,0.2391014" rotation="285,-5.008931E-06,180" materials="9,9,9,9,9" texture="Default">
          <Drag drag="0,0,0,0,0,0" area="0,0,0,0,0,0" />
          <Config massScale="0" partScale="0.5,0.5,0.5" />
          <Fuselage bottomScale="0.09993511,0.09993511" cornerRadiuses="1,1,1,1,1,1,1,1" offset="0,0.1065857,1.490076E-08" supportsXZOffset="true" topScale="0.09993511,0.09993511" />
        </Part>
        <Part id="10" partType="Strut1" position="-0.03071237,-0.5594518,0.3243651" rotation="300,-5.008946E-06,180" materials="9,9,9,9,9" texture="Default">
          <Drag drag="0,0.004904852,0,0,0.004256276,0" area="0,0.01033667,0,0,0.01033667,0" />
          <Config massScale="0" partScale="0.5,0.5,0.5" />
          <Fuselage bottomScale="0.09993511,0.09993511" cornerRadiuses="1,1,1,1,1,1,1,1" offset="0,0.1065857,1.490076E-08" supportsXZOffset="true" topScale="0.09993511,0.09993511" />
        </Part>
        <Part id="11" partType="Strut1" position="-0.03071237,-0.6156332,0.3974786" rotation="315,-5.00895E-06,180" materials="2,2,2,2,2" texture="Default">
          <Drag drag="0,0,0,0,0.00843148,0" area="0,0,0,0,0.01033667,0" />
          <Config massScale="0" partScale="0.5,0.5,0.5" />
          <Fuselage bottomScale="0.09993511,0.09993511" cornerRadiuses="1,1,1,1,1,1,1,1" offset="0,0.1065857,1.490076E-08" supportsXZOffset="true" topScale="0.09993511,0.09993511" />
        </Part>
        <Part id="12" partType="Strut1" position="-0.03071237,-0.6891158,0.4534254" rotation="330,-5.008953E-06,180" materials="2,2,2,2,2" texture="Default">
          <Drag drag="0,0.00843148,0,0,0.0005675035,0.0005675035" area="0,0.01033667,0,0,0.01033667,0.01033667" />
          <Config massScale="0" partScale="0.5,0.5,0.5" />
          <Fuselage bottomScale="0.09993511,0.09993511" cornerRadiuses="1,1,1,1,1,1,1,1" offset="0,0.1065857,1.490076E-08" supportsXZOffset="true" topScale="0.09993511,0.09993511" />
        </Part>
        <Part id="13" partType="Strut1" position="-0.03071237,-0.7747352,0.4888945" rotation="345,-5.008955E-06,180" materials="2,2,2,2,2" texture="Default">
          <Drag drag="0,0.009363808,0,0,0.01029614,0.01029614" area="0,0.01033667,0,0,0.01033667,0.01033667" />
          <Config massScale="0" partScale="0.5,0.5,0.5" />
          <Fuselage bottomScale="0.09993511,0.09993511" cornerRadiuses="1,1,1,1,1,1,1,1" offset="0,0.1065857,1.490076E-08" supportsXZOffset="true" topScale="0.09993511,0.09993511" />
        </Part>
        <Part id="14" partType="Strut1" position="-0.03071237,-1.896449,0.501276" rotation="6.830191E-06,-5.008956E-06,180" materials="2,2,2,2,2" texture="Default">
          <Drag drag="0,0.204058,0,0,0.2006125,0.2005719" area="0,0.21707,0,0,0.21707,0.21707" />
          <Config massScale="0" partScale="0.5,0.5,0.5" />
          <Fuselage bottomScale="0.09993511,0.09993511" cornerRadiuses="1,1,1,1,1,1,1,1" offset="-6.612483E-14,2.165238,-3.073647E-07" supportsXZOffset="true" topScale="0.09993511,0.09993511" />
        </Part>
        <Part id="15" partType="Strut1" position="-0.005405664,-1.976434,0.3220825" rotation="300,352.5,180" materials="2,2,2,2,2" texture="Default">
          <Drag drag="0,0,0,0,0.005837179,0.005431819" area="0,0,0,0,0.01033667,0.01033667" />
          <Config massScale="0" partScale="0.5,0.5,0.5" />
          <Fuselage bottomScale="0.09993511,0.09993511" cornerRadiuses="1,1,1,1,1,1,1,1" offset="0,0.1065857,1.490076E-08" supportsXZOffset="true" topScale="0.09993511,0.09993511" />
        </Part>
        <Part id="16" partType="Strut1" position="-0.01252198,-2.030694,0.3761373" rotation="330,352.5,180" materials="2,2,2,2,2" texture="Default">
          <Drag drag="0,0,0,0,0,0.009971847" area="0,0,0,0,0,0.01033667" />
          <Config massScale="0" partScale="0.5,0.5,0.5" />
          <Fuselage bottomScale="0.09993511,0.09993511" cornerRadiuses="1,1,1,1,1,1,1,1" offset="0,0.1065857,1.490076E-08" supportsXZOffset="true" topScale="0.09993511,0.09993511" />
        </Part>
        <Part id="17" partType="Strut1" position="-0.01511478,-2.268907,0.3958306" rotation="1.027748E-05,352.5,180" materials="2,2,2,2,2" texture="Default">
          <Drag drag="0,0,0,0,0.03931988,0.03931989" area="0,0,0,0,0.04134668,0.04134668" />
          <Config massScale="0" partScale="0.5,0.5,0.5" />
          <Fuselage bottomScale="0.09993511,0.09993511" cornerRadiuses="1,1,1,1,1,1,1,1" offset="-1.342367E-08,0.4357118,1.626444E-07" supportsXZOffset="true" topScale="0.09993511,0.09993511" />
        </Part>
        <Part id="18" partType="Strut1" position="-0.01355529,-2.525925,0.3839846" rotation="15.00001,352.5,180" materials="2,2,2,2,2" texture="Default">
          <Drag drag="0,0,0,0,0.009566488,0.01001238" area="0,0,0,0,0.01033667,0.01033667" />
          <Config massScale="0" partScale="0.5,0.5,0.5" />
          <Fuselage bottomScale="0.09993511,0.09993511" cornerRadiuses="1,1,1,1,1,1,1,1" offset="0,0.1065857,1.490076E-08" supportsXZOffset="true" topScale="0.09993511,0.09993511" />
        </Part>
        <Part id="19" partType="Strut1" position="-0.006934643,-2.636672,0.3336959" rotation="30.00002,352.5,180" materials="2,2,2,2,2" texture="Default">
          <Drag drag="0,0,0,0.003557725,0.01009346,0" area="0,0,0,0.004105067,0.01033667,0" />
          <Config massScale="0" partScale="0.5,0.5,0.5" />
          <Fuselage bottomScale="0.09993511,0.09993511" cornerRadiuses="1,1,1,1,1,1,1,1" offset="-1.0943E-07,0.1649884,1.698665E-06" supportsXZOffset="true" topScale="0.09993511,0.09993511" />
        </Part>
        <Part id="20" partType="Fuselage1" position="-0.1555119,0.3444096,-1.010159" rotation="284.2233,7.499977,3.474832E-06" materials="0,0,0,0,0" symmetryId="16b9ff45-1342-4c9c-ae7a-65c4c506219e" texture="Default">
          <Drag drag="0.07482938,0,0,0.02533365,0.03141537,0.03891452" area="0.12404,0,0,0.04018641,0.04134668,0.05168335" />
          <Config massScale="0" partScale="0.15,0.15,0.15" />
          <Fuselage bottomScale="2.264621,2.264621" offset="-3.421035E-06,0.2883232,-1.4187E-05" supportsXZOffset="true" topScale="2.026047,2.026047" />
          <FuelTank capacity="4590.493" fuel="4590.493" fuelType="LH2" priority="0" subPriority="-7" />
        </Part>
        <Part id="21" partType="Fuselage1" position="-0.1664571,0.3656574,-1.093289" rotation="284.2233,7.499976,6.949664E-05" materials="0,0,0,0,0" symmetryId="04459bf3-10ac-42b7-9d56-5f0de237e103" texture="Default">
          <Drag drag="0.1308501,0,0,0.01252364,0.02047066,0.0329152" area="0.15505,0,0,0.0324084,0.04134668,0.05168335" />
          <Config massScale="0" partScale="0.15,0.15,0.15" />
          <Fuselage bottomScale="2.026047,2.026047" offset="-3.421035E-06,0.2883232,-1.4187E-05" supportsXZOffset="true" topScale="1.541944,1.541944" />
          <FuelTank capacity="3190.557" fuel="3190.557" fuelType="LH2" priority="0" subPriority="-7" />
        </Part>
        <Part id="22" partType="Fuselage1" position="-0.1747586,0.3817292,-1.156283" rotation="284.2233,7.499867,8.860821E-05" materials="0,0,0,0,0" symmetryId="23a5f84e-f51b-41cf-ba66-05b06578fe80" texture="Default">
          <Drag drag="0.05387229,0,0,0.002236817,0.003769845,0.01430919" area="0.06202002,0,0,0.01080281,0.01033667,0.03101001" />
          <Config massScale="0" partScale="0.15,0.15,0.15" />
          <Fuselage bottomScale="1.541944,1.541944" offset="-5.024232E-05,0.1486171,-0.0002101475" supportsXZOffset="true" topScale="1.070002,1.070002" />
          <FuelTank capacity="885.483459" fuel="885.483459" fuelType="LH2" priority="0" subPriority="-7" />
        </Part>
        <Part id="23" partType="Fuselage1" position="-0.1445665,0.3231617,-0.9270282" rotation="284.2233,7.499976,2.606124E-05" materials="0,0,0,0,0" symmetryId="0a5a7121-bf20-497c-b97c-8b76985e9a5a" texture="Default">
          <Drag drag="0.009971848,0,0,0.001681849,0.03352324,0.03275306" area="0.04134668,0,0,0.002376618,0.04134668,0.04134668" />
          <Config massScale="0" partScale="0.15,0.15,0.15" />
          <Fuselage bottomScale="2.337493,2.337493" offset="-3.421035E-06,0.2883232,-1.4187E-05" supportsXZOffset="true" topScale="2.264621,2.264621" />
          <FuelTank capacity="5276.102" fuel="5276.102" fuelType="LH2" priority="0" subPriority="-7" />
        </Part>
        <Part id="24" partType="Fuselage1" position="-0.133621,0.3019115,-0.8438978" rotation="284.2233,7.499976,2.606124E-05" materials="0,0,0,0,0" symmetryId="bb6cabb2-590e-44fb-b3c7-c2292839b848" texture="Default">
          <Drag drag="0.001824118,0.0009728632,0,0,0.04171151,0.03113162" area="0.01033667,0.01033667,0,0,0.06202002,0.05168335" />
          <Config massScale="0" partScale="0.15,0.15,0.15" />
          <Fuselage bottomScale="2.299165,2.299165" offset="-3.421035E-06,0.2883232,-1.4187E-05" supportsXZOffset="true" topScale="2.337493,2.337493" />
          <FuelTank capacity="5355.28027" fuel="5355.28027" fuelType="LH2" priority="0" subPriority="-8" />
        </Part>
        <Part id="25" partType="Fuselage1" position="-0.1226757,0.2806641,-0.760767" rotation="284.2233,7.499976,4.691023E-05" materials="0,0,0,0,0" symmetryId="c11e36fc-9c18-4a0c-8ca0-faa4f3db5422" texture="Default">
          <Drag drag="0,0,0,0,0.03498253,0.02813196" area="0,0,0,0,0.05168335,0.04134668" />
          <Config massScale="0" partScale="0.15,0.15,0.15" />
          <Fuselage bottomScale="2.076524,2.076524" offset="-3.421035E-06,0.2883232,-1.4187E-05" supportsXZOffset="true" topScale="2.299165,2.299165" />
          <FuelTank capacity="4773.421" fuel="4773.421" fuelType="LH2" priority="0" subPriority="-8" />
        </Part>
        <Part id="26" partType="Fuselage1" position="-0.1117306,0.2594157,-0.6776381" rotation="284.2232,7.499976,8.687125E-05" materials="0,0,0,0,0" symmetryId="76d3793f-b636-4e1c-9129-0d2e569d8845" texture="Default">
          <Drag drag="0,0.004377884,0,0,0.02034905,0.02383514" area="0,0.01033667,0,0,0.03101001,0.04134668" />
          <Config massScale="0" partScale="0.15,0.15,0.15" />
          <Fuselage bottomScale="1.736606,1.736606" offset="-3.421035E-06,0.2883232,-1.4187E-05" supportsXZOffset="true" topScale="2.076524,2.076524" />
          <FuelTank capacity="3631.40161" fuel="3631.40161" fuelType="LH2" priority="0" subPriority="-8" />
        </Part>
        <Part id="27" partType="Fuselage1" position="-0.1013939,0.23936,-0.5991421" rotation="284.2232,7.499978,9.729579E-05" materials="0,0,0,0,0" symmetryId="ef236436-e1a8-46ba-8f18-3c21b6be9469" texture="Default">
          <Drag drag="0,0.02440265,0,0,0.01722778,0.007904513" area="0,0.03101001,0,0,0.03101001,0.03101001" />
          <Config massScale="0" partScale="0.15,0.15,0.15" />
          <Fuselage bottomScale="1.106609,1.106609" offset="-1.314406E-05,0.2561623,-5.340203E-05" supportsXZOffset="true" topScale="1.736606,1.736606" />
          <FuelTank capacity="1818.307" fuel="1818.307" fuelType="LH2" priority="0" subPriority="-8" />
        </Part>
        <Part id="28" partType="Strut1" position="0.1875463,0.6561548,-1.017462" rotation="1.664859E-05,281.3487,10.99999" materials="4,4,4,4,4" symmetryId="854f232e-f277-4266-893c-93058df226bd" texture="Default">
          <Drag drag="0,0,0,0.0001135354,0.01013399,0.01013399" area="0,0,0,0.0006481686,0.01033667,0.01033667" />
          <Config massScale="0" partScale="0.5,0.5,0.5" />
          <Fuselage bottomScale="0.01891458,0.01891458" cornerRadiuses="0.497537,0.497537,0.497537,0.497537,0.497537,0.497537,0.497537,0.497537" offset="0,0.7248139,1.333351E-06" supportsXZOffset="true" topScale="0.02061858,0.02061858" />
        </Part>
        <Part id="29" partType="Strut1" position="-0.1384537,0.287479,-0.8824024" rotation="-2.134434E-05,191.3487,270" materials="4,4,4,4,4" symmetryId="8328355e-08a5-4b76-b751-33aa911dfe2e" texture="Default">
          <Drag drag="0,0,0,0,0.01013399,0.01013399" area="0,0,0,0,0.01033667,0.01033667" />
          <Config massScale="0" partScale="0.5,0.5,0.5" />
          <Fuselage bottomScale="0.1160809,0.1160809" cornerRadiuses="1,1,1,1,1,1,1,1" offset="0,0.7248139,1.333351E-06" supportsXZOffset="true" topScale="0.1160809,0.1160809" />
        </Part>
        <Part id="30" partType="Strut1" position="-0.4931976,0.6624337,-0.883872" rotation="1.664859E-05,281.3487,10.99999" materials="4,4,4,4,4" symmetryId="b5ceb4d6-bef6-4ec2-909a-82660ebe73be" texture="Default">
          <Drag drag="0,0,0,4.066941E-05,0,0.01207972" area="0,0,0,0.0002160562,0,0.02067334" />
          <Config massScale="0" partScale="0.5,0.5,0.5" />
          <Fuselage bottomScale="0.0224666,0.0224666" cornerRadiuses="0.502463,0.502463,0.502463,0.502463,0.497537,0.497537,0.497537,0.497537" offset="0,0.7248139,1.333351E-06" supportsXZOffset="true" topScale="0.01986523,0.01986523" />
        </Part>
        <Part id="31" partType="Strut1" position="-0.3587475,0.2910606,-0.4424334" rotation="359.6741,288.8328,272.4786" materials="4,4,4,4,4" symmetryId="0ebfa167-293f-4ca2-a200-58e9178133be" texture="Default">
          <Drag drag="0,0,0,0,0,0.007580225" area="0,0,0,0,0,0.01033667" />
          <Config massScale="0" partScale="0.5,0.5,0.5" />
          <Fuselage bottomScale="0.0224666,0.0224666" cornerRadiuses="0.502463,0.502463,0.502463,0.502463,0.497537,0.497537,0.497537,0.497537" offset="0,0.7248139,1.333351E-06" supportsXZOffset="true" topScale="0.01986523,0.01986523" />
        </Part>
        <Part id="32" partType="Strut1" position="0.2276821,0.289939,-0.5542526" rotation="0.381083,272.5855,272.4709" materials="4,4,4,4,4" symmetryId="8ca4d256-432b-4698-9e74-4f74748319c6" texture="Default">
          <Drag drag="0,0,0,0,0.01824118,0" area="0,0,0,0,0.02067334,0" />
          <Config massScale="0" partScale="0.5,0.5,0.5" />
          <Fuselage bottomScale="0.0224666,0.0224666" cornerRadiuses="0.497537,0.497537,0.497537,0.497537,0.497537,0.497537,0.497537,0.497537" offset="0,0.7248139,1.333351E-06" supportsXZOffset="true" topScale="0.01986523,0.01986523" />
        </Part>
        <Part id="33" partType="Fuselage1" position="-0.9298458,0.3444091,0.08329821" rotation="284.2233,97.49996,8.33962E-05" materials="0,0,0,0,0" symmetryId="16b9ff45-1342-4c9c-ae7a-65c4c506219e" texture="Default">
          <Drag drag="0.03141537,0.03891452,0,0.0253345,0,0.07478885" area="0.04134668,0.05168335,0,0.04018641,0,0.12404" />
          <Config massScale="0" partScale="0.15,0.15,0.15" />
          <Fuselage bottomScale="2.264621,2.264621" offset="-3.421035E-06,0.2883232,-1.4187E-05" supportsXZOffset="true" topScale="2.026047,2.026047" />
          <FuelTank capacity="4590.493" fuel="4590.493" fuelType="LH2" priority="0" subPriority="-7" />
        </Part>
        <Part id="34" partType="Fuselage1" position="-1.012975,0.365657,0.09424257" rotation="284.2233,97.49995,0.000111195" materials="0,0,0,0,0" symmetryId="04459bf3-10ac-42b7-9d56-5f0de237e103" texture="Default">
          <Drag drag="0.02038959,0.03283413,0,0.0125211,0,0.1308906" area="0.04134668,0.05168335,0,0.0324084,0,0.15505" />
          <Config massScale="0" partScale="0.15,0.15,0.15" />
          <Fuselage bottomScale="2.026047,2.026047" offset="-3.421035E-06,0.2883232,-1.4187E-05" supportsXZOffset="true" topScale="1.541944,1.541944" />
          <FuelTank capacity="3190.557" fuel="3190.557" fuelType="LH2" priority="0" subPriority="-7" />
        </Part>
        <Part id="35" partType="Fuselage1" position="-1.07597,0.3817283,0.1025443" rotation="284.2233,97.49985,0.0001737421" materials="0,0,0,0,0" symmetryId="23a5f84e-f51b-41cf-ba66-05b06578fe80" texture="Default">
          <Drag drag="0.003769845,0.01426866,0,0.002230887,0,0.05387229" area="0.01033667,0.03101001,0,0.01080281,0,0.06202002" />
          <Config massScale="0" partScale="0.15,0.15,0.15" />
          <Fuselage bottomScale="1.541944,1.541944" offset="-5.024232E-05,0.1486171,-0.0002101475" supportsXZOffset="true" topScale="1.070002,1.070002" />
          <FuelTank capacity="885.483459" fuel="885.483459" fuelType="LH2" priority="0" subPriority="-7" />
        </Part>
        <Part id="36" partType="Fuselage1" position="-0.8467162,0.3231612,0.07235193" rotation="284.2233,97.49996,9.729555E-05" materials="0,0,0,0,0" symmetryId="0a5a7121-bf20-497c-b97c-8b76985e9a5a" texture="Default">
          <Drag drag="0.03482039,0.03275306,0,0.001681849,0,0.009971848" area="0.05168335,0.04134668,0,0.002376618,0,0.04134668" />
          <Config massScale="0" partScale="0.15,0.15,0.15" />
          <Fuselage bottomScale="2.337493,2.337493" offset="-3.421035E-06,0.2883232,-1.4187E-05" supportsXZOffset="true" topScale="2.264621,2.264621" />
          <FuelTank capacity="5276.102" fuel="5276.102" fuelType="LH2" priority="0" subPriority="-7" />
        </Part>
        <Part id="37" partType="Fuselage1" position="-0.7635856,0.3019134,0.06140661" rotation="284.2233,97.49996,9.729555E-05" materials="0,0,0,0,0" symmetryId="bb6cabb2-590e-44fb-b3c7-c2292839b848" texture="Default">
          <Drag drag="0.04171151,0.03109109,0,0,0.0009728632,0.001824118" area="0.06202002,0.05168335,0,0,0.01033667,0.01033667" />
          <Config massScale="0" partScale="0.15,0.15,0.15" />
          <Fuselage bottomScale="2.299165,2.299165" offset="-3.421035E-06,0.2883232,-1.4187E-05" supportsXZOffset="true" topScale="2.337493,2.337493" />
          <FuelTank capacity="5355.28027" fuel="5355.28027" fuelType="LH2" priority="0" subPriority="-8" />
        </Part>
        <Part id="38" partType="Fuselage1" position="-0.6804552,0.2806655,0.05046129" rotation="284.2233,97.49997,0.0001042452" materials="0,0,0,0,0" symmetryId="c11e36fc-9c18-4a0c-8ca0-faa4f3db5422" texture="Default">
          <Drag drag="0.04495438,0.01909244,0,0,0,0" area="0.06202002,0.03101001,0,0,0,0" />
          <Config massScale="0" partScale="0.15,0.15,0.15" />
          <Fuselage bottomScale="2.076524,2.076524" offset="-3.421035E-06,0.2883232,-1.4187E-05" supportsXZOffset="true" topScale="2.299165,2.299165" />
          <FuelTank capacity="4773.421" fuel="4773.421" fuelType="LH2" priority="0" subPriority="-8" />
        </Part>
        <Part id="39" partType="Fuselage1" position="-0.5973258,0.2594157,0.03951693" rotation="284.2233,97.49985,0.0001737421" materials="0,0,0,0,0" symmetryId="76d3793f-b636-4e1c-9129-0d2e569d8845" texture="Default">
          <Drag drag="0.02034905,0.02383514,0,0,0.004377884,0" area="0.03101001,0.04134668,0,0,0.01033667,0" />
          <Config massScale="0" partScale="0.15,0.15,0.15" />
          <Fuselage bottomScale="1.736606,1.736606" offset="-3.421035E-06,0.2883232,-1.4187E-05" supportsXZOffset="true" topScale="2.076524,2.076524" />
          <FuelTank capacity="3631.40161" fuel="3631.40161" fuelType="LH2" priority="0" subPriority="-8" />
        </Part>
        <Part id="40" partType="Fuselage1" position="-0.5188313,0.23936,0.02918005" rotation="284.2233,97.49984,0.000173742" materials="0,0,0,0,0" symmetryId="ef236436-e1a8-46ba-8f18-3c21b6be9469" texture="Default">
          <Drag drag="0.01726832,0.007904513,0,0,0.02440265,0" area="0.03101001,0.03101001,0,0,0.03101001,0" />
          <Config massScale="0" partScale="0.15,0.15,0.15" />
          <Fuselage bottomScale="1.106609,1.106609" offset="-1.314406E-05,0.2561623,-5.340203E-05" supportsXZOffset="true" topScale="1.736606,1.736606" />
          <FuelTank capacity="1818.307" fuel="1818.307" fuelType="LH2" priority="0" subPriority="-8" />
        </Part>
        <Part id="41" partType="Strut1" position="-0.937149,0.6561567,-0.2597613" rotation="1.163267E-05,11.34868,11.00001" materials="4,4,4,4,4" symmetryId="854f232e-f277-4266-893c-93058df226bd" texture="Default">
          <Drag drag="0.01013399,0.01017453,0,0.0001135354,0,0" area="0.01033667,0.01033667,0,0.0006481686,0,0" />
          <Config massScale="0" partScale="0.5,0.5,0.5" />
          <Fuselage bottomScale="0.01891458,0.01891458" cornerRadiuses="0.497537,0.497537,0.497537,0.497537,0.497537,0.497537,0.497537,0.497537" offset="0,0.7248139,1.333351E-06" supportsXZOffset="true" topScale="0.02061858,0.02061858" />
        </Part>
        <Part id="42" partType="Strut1" position="-0.8020895,0.2874786,0.06623983" rotation="-8.537737E-06,281.3487,270" materials="4,4,4,4,4" symmetryId="8328355e-08a5-4b76-b751-33aa911dfe2e" texture="Default">
          <Drag drag="0,0.01013399,0,0,0,0" area="0,0.01033667,0,0,0,0" />
          <Config massScale="0" partScale="0.5,0.5,0.5" />
          <Fuselage bottomScale="0.1160809,0.1160809" cornerRadiuses="1,1,1,1,1,1,1,1" offset="0,0.7248139,1.333351E-06" supportsXZOffset="true" topScale="0.1160809,0.1160809" />
        </Part>
        <Part id="43" partType="Strut1" position="-0.8035598,0.6624337,0.4209862" rotation="1.163267E-05,11.34868,11.00001" materials="4,4,4,4,4" symmetryId="b5ceb4d6-bef6-4ec2-909a-82660ebe73be" texture="Default">
          <Drag drag="0,0.01212025,0,4.066941E-05,0,0" area="0,0.02067334,0,0.0002160562,0,0" />
          <Config massScale="0" partScale="0.5,0.5,0.5" />
          <Fuselage bottomScale="0.0224666,0.0224666" cornerRadiuses="0.502463,0.502463,0.502463,0.502463,0.497537,0.497537,0.497537,0.497537" offset="0,0.7248139,1.333351E-06" supportsXZOffset="true" topScale="0.01986523,0.01986523" />
        </Part>
        <Part id="44" partType="Strut1" position="-0.362124,0.2910606,0.2865343" rotation="359.6741,18.83278,272.4786" materials="4,4,4,4,4" symmetryId="0ebfa167-293f-4ca2-a200-58e9178133be" texture="Default">
          <Drag drag="0,0.01734939,0,0,0,0" area="0,0.02067334,0,0,0,0" />
          <Config massScale="0" partScale="0.5,0.5,0.5" />
          <Fuselage bottomScale="0.0224666,0.0224666" cornerRadiuses="0.502463,0.502463,0.502463,0.502463,0.497537,0.497537,0.497537,0.497537" offset="0,0.7248139,1.333351E-06" supportsXZOffset="true" topScale="0.01986523,0.01986523" />
        </Part>
        <Part id="45" partType="Strut1" position="-0.4739436,0.289939,-0.2998962" rotation="0.3810777,2.585481,272.4708" materials="4,4,4,4,4" symmetryId="8ca4d256-432b-4698-9e74-4f74748319c6" texture="Default">
          <Drag drag="0.008026121,0,0,0,0,0" area="0.01033667,0,0,0,0,0" />
          <Config massScale="0" partScale="0.5,0.5,0.5" />
          <Fuselage bottomScale="0.0224666,0.0224666" cornerRadiuses="0.497537,0.497537,0.497537,0.497537,0.497537,0.497537,0.497537,0.497537" offset="0,0.7248139,1.333351E-06" supportsXZOffset="true" topScale="0.01986523,0.01986523" />
        </Part>
        <Part id="46" partType="Fuselage1" position="0.1636064,0.3444096,0.8576345" rotation="284.2233,187.5,-1.042449E-05" materials="0,0,0,0,0" symmetryId="16b9ff45-1342-4c9c-ae7a-65c4c506219e" texture="Default">
          <Drag drag="0,0.02330818,0,0.02533364,0.03895506,0.03141537" area="0,0.05168335,0,0.04018641,0.05168335,0.04134668" />
          <Config massScale="0" partScale="0.15,0.15,0.15" />
          <Fuselage bottomScale="2.264621,2.264621" offset="-3.421035E-06,0.2883232,-1.4187E-05" supportsXZOffset="true" topScale="2.026047,2.026047" />
          <FuelTank capacity="4590.493" fuel="4590.493" fuelType="LH2" priority="0" subPriority="-7" />
        </Part>
        <Part id="47" partType="Fuselage1" position="0.1745515,0.3656589,0.9407654" rotation="284.2232,187.4999,6.428471E-05" materials="0,0,0,0,0" symmetryId="04459bf3-10ac-42b7-9d56-5f0de237e103" texture="Default">
          <Drag drag="0,0.06262807,0,0.01252279,0.03283413,0.02034905" area="0,0.08269336,0,0.0324084,0.05168335,0.04134668" />
          <Config massScale="0" partScale="0.15,0.15,0.15" />
          <Fuselage bottomScale="2.026047,2.026047" offset="-3.421035E-06,0.2883232,-1.4187E-05" supportsXZOffset="true" topScale="1.541944,1.541944" />
          <FuelTank capacity="3190.557" fuel="3190.557" fuelType="LH2" priority="0" subPriority="-7" />
        </Part>
        <Part id="48" partType="Fuselage1" position="0.1828531,0.3817307,1.003761" rotation="284.2232,187.4999,7.470926E-05" materials="0,0,0,0,0" symmetryId="23a5f84e-f51b-41cf-ba66-05b06578fe80" texture="Default">
          <Drag drag="0,0.1531854,0,0.002232581,0.01422812,0.003769845" area="0,0.1757234,0,0.01080281,0.03101001,0.01033667" />
          <Config massScale="0" partScale="0.15,0.15,0.15" />
          <Fuselage bottomScale="1.541944,1.541944" offset="-5.024232E-05,0.1486171,-0.0002101475" supportsXZOffset="true" topScale="1.070002,1.070002" />
          <FuelTank capacity="885.483459" fuel="885.483459" fuelType="LH2" priority="0" subPriority="-7" />
        </Part>
        <Part id="49" partType="Fuselage1" position="0.1526607,0.3231617,0.7745056" rotation="284.2232,187.5,2.258652E-05" materials="0,0,0,0,0" symmetryId="0a5a7121-bf20-497c-b97c-8b76985e9a5a" texture="Default">
          <Drag drag="0.009931311,0.03506361,0,0.001681849,0.02395675,0.04337348" area="0.01033667,0.05168335,0,0.002376618,0.04134668,0.05168335" />
          <Config massScale="0" partScale="0.15,0.15,0.15" />
          <Fuselage bottomScale="2.337493,2.337493" offset="-3.421035E-06,0.2883232,-1.4187E-05" supportsXZOffset="true" topScale="2.264621,2.264621" />
          <FuelTank capacity="5276.102" fuel="5276.102" fuelType="LH2" priority="0" subPriority="-7" />
        </Part>
        <Part id="50" partType="Fuselage1" position="0.1417155,0.3019139,0.6913738" rotation="284.2232,187.5,2.258652E-05" materials="0,0,0,0,0" symmetryId="bb6cabb2-590e-44fb-b3c7-c2292839b848" texture="Default">
          <Drag drag="0,0.02168674,0,0,0.03105055,0.04171151" area="0,0.03101001,0,0,0.05168335,0.06202002" />
          <Config massScale="0" partScale="0.15,0.15,0.15" />
          <Fuselage bottomScale="2.299165,2.299165" offset="-3.421035E-06,0.2883232,-1.4187E-05" supportsXZOffset="true" topScale="2.337493,2.337493" />
          <FuelTank capacity="5355.28027" fuel="5355.28027" fuelType="LH2" priority="0" subPriority="-8" />
        </Part>
        <Part id="51" partType="Fuselage1" position="0.1307702,0.2806655,0.6082444" rotation="284.2232,187.5,4.169819E-05" materials="0,0,0,0,0" symmetryId="c11e36fc-9c18-4a0c-8ca0-faa4f3db5422" texture="Default">
          <Drag drag="0.009931311,0,0,0,0.01909244,0.04495438" area="0.01033667,0,0,0,0.03101001,0.06202002" />
          <Config massScale="0" partScale="0.15,0.15,0.15" />
          <Fuselage bottomScale="2.076524,2.076524" offset="-3.421035E-06,0.2883232,-1.4187E-05" supportsXZOffset="true" topScale="2.299165,2.299165" />
          <FuelTank capacity="4773.421" fuel="4773.421" fuelType="LH2" priority="0" subPriority="-8" />
        </Part>
        <Part id="52" partType="Fuselage1" position="0.1198249,0.2594177,0.5251141" rotation="284.2232,187.4999,7.818406E-05" materials="0,0,0,0,0" symmetryId="76d3793f-b636-4e1c-9129-0d2e569d8845" texture="Default">
          <Drag drag="0.00883684,0,0,0,0.02387568,0.02043013" area="0.01033667,0,0,0,0.04134668,0.03101001" />
          <Config massScale="0" partScale="0.15,0.15,0.15" />
          <Fuselage bottomScale="1.736606,1.736606" offset="-3.421035E-06,0.2883232,-1.4187E-05" supportsXZOffset="true" topScale="2.076524,2.076524" />
          <FuelTank capacity="3631.40161" fuel="3631.40161" fuelType="LH2" priority="0" subPriority="-8" />
        </Part>
        <Part id="53" partType="Fuselage1" position="0.1094885,0.23936,0.446619" rotation="284.2232,187.4999,9.034603E-05" materials="0,0,0,0,0" symmetryId="ef236436-e1a8-46ba-8f18-3c21b6be9469" texture="Default">
          <Drag drag="0.0164576,0,0,0,0.008026121,0.01726832" area="0.02067334,0,0,0,0.03101001,0.03101001" />
          <Config massScale="0" partScale="0.15,0.15,0.15" />
          <Fuselage bottomScale="1.106609,1.106609" offset="-1.314406E-05,0.2561623,-5.340203E-05" supportsXZOffset="true" topScale="1.736606,1.736606" />
          <FuelTank capacity="1818.307" fuel="1818.307" fuelType="LH2" priority="0" subPriority="-8" />
        </Part>
        <Part id="54" partType="Strut1" position="-0.1794517,0.6561567,0.8649387" rotation="4.268868E-06,101.3488,11.00003" materials="4,4,4,4,4" symmetryId="854f232e-f277-4266-893c-93058df226bd" texture="Default">
          <Drag drag="0,0,0,0.0001135354,0.01017453,0.01013399" area="0,0,0,0.0006481686,0.01033667,0.01033667" />
          <Config massScale="0" partScale="0.5,0.5,0.5" />
          <Fuselage bottomScale="0.01891458,0.01891458" cornerRadiuses="0.497537,0.497537,0.497537,0.497537,0.497537,0.497537,0.497537,0.497537" offset="0,0.7248139,1.333351E-06" supportsXZOffset="true" topScale="0.02061858,0.02061858" />
        </Part>
        <Part id="55" partType="Strut1" position="0.1465483,0.287479,0.7298784" rotation="-1.579481E-05,11.34868,270" materials="4,4,4,4,4" symmetryId="8328355e-08a5-4b76-b751-33aa911dfe2e" texture="Default">
          <Drag drag="0,0,0,0,0.01013399,0" area="0,0,0,0,0.01033667,0" />
          <Config massScale="0" partScale="0.5,0.5,0.5" />
          <Fuselage bottomScale="0.1160809,0.1160809" cornerRadiuses="1,1,1,1,1,1,1,1" offset="0,0.7248139,1.333351E-06" supportsXZOffset="true" topScale="0.1160809,0.1160809" />
        </Part>
        <Part id="56" partType="Strut1" position="0.5012919,0.6624337,0.7313495" rotation="1.750236E-05,101.3487,11.00002" materials="4,4,4,4,4" symmetryId="b5ceb4d6-bef6-4ec2-909a-82660ebe73be" texture="Default">
          <Drag drag="0,0,0,4.066941E-05,0.01155275,0" area="0,0,0,0.0002160562,0.02067334,0" />
          <Config massScale="0" partScale="0.5,0.5,0.5" />
          <Fuselage bottomScale="0.0224666,0.0224666" cornerRadiuses="0.502463,0.502463,0.502463,0.502463,0.497537,0.497537,0.497537,0.497537" offset="0,0.7248139,1.333351E-06" supportsXZOffset="true" topScale="0.01986523,0.01986523" />
        </Part>
        <Part id="57" partType="Strut1" position="0.366842,0.2910606,0.2899108" rotation="359.6741,108.8328,272.4786" materials="4,4,4,4,4" symmetryId="0ebfa167-293f-4ca2-a200-58e9178133be" texture="Default">
          <Drag drag="0,0,0,0,0.01734939,0" area="0,0,0,0,0.02067334,0" />
          <Config massScale="0" partScale="0.5,0.5,0.5" />
          <Fuselage bottomScale="0.0224666,0.0224666" cornerRadiuses="0.502463,0.502463,0.502463,0.502463,0.497537,0.497537,0.497537,0.497537" offset="0,0.7248139,1.333351E-06" supportsXZOffset="true" topScale="0.01986523,0.01986523" />
        </Part>
        <Part id="58" partType="Strut1" position="-0.2195876,0.289939,0.4017305" rotation="0.3810761,92.58549,272.4708" materials="4,4,4,4,4" symmetryId="8ca4d256-432b-4698-9e74-4f74748319c6" texture="Default">
          <Drag drag="0,0,0,0,0,0.008026121" area="0,0,0,0,0,0.01033667" />
          <Config massScale="0" partScale="0.5,0.5,0.5" />
          <Fuselage bottomScale="0.0224666,0.0224666" cornerRadiuses="0.497537,0.497537,0.497537,0.497537,0.497537,0.497537,0.497537,0.497537" offset="0,0.7248139,1.333351E-06" supportsXZOffset="true" topScale="0.01986523,0.01986523" />
        </Part>
        <Part id="59" partType="Fuselage1" position="0.9379402,0.3444091,-0.2358212" rotation="284.2233,277.5,3.47484E-05" materials="0,0,0,0,0" symmetryId="16b9ff45-1342-4c9c-ae7a-65c4c506219e" texture="Default">
          <Drag drag="0.03891452,0.03141537,0,0.02533619,0.02330818,0" area="0.05168335,0.04134668,0,0.04018641,0.05168335,0" />
          <Config massScale="0" partScale="0.15,0.15,0.15" />
          <Fuselage bottomScale="2.264621,2.264621" offset="-3.421035E-06,0.2883232,-1.4187E-05" supportsXZOffset="true" topScale="2.026047,2.026047" />
          <FuelTank capacity="4590.493" fuel="4590.493" fuelType="LH2" priority="0" subPriority="-7" />
        </Part>
        <Part id="60" partType="Fuselage1" position="1.02107,0.365657,-0.2467666" rotation="284.2233,277.4999,7.644647E-05" materials="0,0,0,0,0" symmetryId="04459bf3-10ac-42b7-9d56-5f0de237e103" texture="Default">
          <Drag drag="0.03283413,0.02038959,0,0.01252279,0.06262807,0" area="0.05168335,0.04134668,0,0.0324084,0.08269336,0" />
          <Config massScale="0" partScale="0.15,0.15,0.15" />
          <Fuselage bottomScale="2.026047,2.026047" offset="-3.421035E-06,0.2883232,-1.4187E-05" supportsXZOffset="true" topScale="1.541944,1.541944" />
          <FuelTank capacity="3190.557" fuel="3190.557" fuelType="LH2" priority="0" subPriority="-7" />
        </Part>
        <Part id="61" partType="Fuselage1" position="1.084064,0.3817288,-0.2550688" rotation="284.2233,277.4999,7.644647E-05" materials="0,0,0,0,0" symmetryId="23a5f84e-f51b-41cf-ba66-05b06578fe80" texture="Default">
          <Drag drag="0.01430919,0.003769845,0,0.002232581,0.153226,0" area="0.03101001,0.01033667,0,0.01080281,0.1757234,0" />
          <Config massScale="0" partScale="0.15,0.15,0.15" />
          <Fuselage bottomScale="1.541944,1.541944" offset="-5.024232E-05,0.1486171,-0.0002101475" supportsXZOffset="true" topScale="1.070002,1.070002" />
          <FuelTank capacity="885.483459" fuel="885.483459" fuelType="LH2" priority="0" subPriority="-7" />
        </Part>
        <Part id="62" partType="Fuselage1" position="0.8548104,0.3231612,-0.2248759" rotation="284.2233,277.5,5.559743E-05" materials="0,0,0,0,0" symmetryId="0a5a7121-bf20-497c-b97c-8b76985e9a5a" texture="Default">
          <Drag drag="0.03275306,0.03352324,0,0.001682697,0.03506361,0.009931311" area="0.04134668,0.04134668,0,0.002376618,0.05168335,0.01033667" />
          <Config massScale="0" partScale="0.15,0.15,0.15" />
          <Fuselage bottomScale="2.337493,2.337493" offset="-3.421035E-06,0.2883232,-1.4187E-05" supportsXZOffset="true" topScale="2.264621,2.264621" />
          <FuelTank capacity="5276.102" fuel="5276.102" fuelType="LH2" priority="0" subPriority="-7" />
        </Part>
        <Part id="63" partType="Fuselage1" position="0.7716802,0.3019134,-0.2139306" rotation="284.2233,277.5,5.559743E-05" materials="0,0,0,0,0" symmetryId="bb6cabb2-590e-44fb-b3c7-c2292839b848" texture="Default">
          <Drag drag="0.03109109,0.04171151,0,0,0.02168674,0" area="0.05168335,0.06202002,0,0,0.03101001,0" />
          <Config massScale="0" partScale="0.15,0.15,0.15" />
          <Fuselage bottomScale="2.299165,2.299165" offset="-3.421035E-06,0.2883232,-1.4187E-05" supportsXZOffset="true" topScale="2.337493,2.337493" />
          <FuelTank capacity="5355.28027" fuel="5355.28027" fuelType="LH2" priority="0" subPriority="-8" />
        </Part>
        <Part id="64" partType="Fuselage1" position="0.6885496,0.2806636,-0.2029853" rotation="284.2233,277.5,7.644649E-05" materials="0,0,0,0,0" symmetryId="c11e36fc-9c18-4a0c-8ca0-faa4f3db5422" texture="Default">
          <Drag drag="0.02813196,0.03498253,0,0,0,0.009931311" area="0.04134668,0.05168335,0,0,0,0.01033667" />
          <Config massScale="0" partScale="0.15,0.15,0.15" />
          <Fuselage bottomScale="2.076524,2.076524" offset="-3.421035E-06,0.2883232,-1.4187E-05" supportsXZOffset="true" topScale="2.299165,2.299165" />
          <FuelTank capacity="4773.421" fuel="4773.421" fuelType="LH2" priority="0" subPriority="-8" />
        </Part>
        <Part id="65" partType="Fuselage1" position="0.6054202,0.2594157,-0.19204" rotation="284.2233,277.5,9.729548E-05" materials="0,0,0,0,0" symmetryId="76d3793f-b636-4e1c-9129-0d2e569d8845" texture="Default">
          <Drag drag="0.02383514,0.02034905,0,0,0,0.00883684" area="0.04134668,0.03101001,0,0,0,0.01033667" />
          <Config massScale="0" partScale="0.15,0.15,0.15" />
          <Fuselage bottomScale="1.736606,1.736606" offset="-3.421035E-06,0.2883232,-1.4187E-05" supportsXZOffset="true" topScale="2.076524,2.076524" />
          <FuelTank capacity="3631.40161" fuel="3631.40161" fuelType="LH2" priority="0" subPriority="-8" />
        </Part>
        <Part id="66" partType="Fuselage1" position="0.5269259,0.23936,-0.1817031" rotation="284.2233,277.4999,0.0001320439" materials="0,0,0,0,0" symmetryId="ef236436-e1a8-46ba-8f18-3c21b6be9469" texture="Default">
          <Drag drag="0.007904513,0.01726832,0,0,0,0.0164576" area="0.03101001,0.03101001,0,0,0,0.02067334" />
          <Config massScale="0" partScale="0.15,0.15,0.15" />
          <Fuselage bottomScale="1.106609,1.106609" offset="-1.314406E-05,0.2561623,-5.340203E-05" supportsXZOffset="true" topScale="1.736606,1.736606" />
          <FuelTank capacity="1818.307" fuel="1818.307" fuelType="LH2" priority="0" subPriority="-8" />
        </Part>
        <Part id="67" partType="Strut1" position="0.9452435,0.6561567,0.1072388" rotation="9.604953E-06,191.3487,11" materials="4,4,4,4,4" symmetryId="854f232e-f277-4266-893c-93058df226bd" texture="Default">
          <Drag drag="0.01017453,0.01013399,0,0.0001135354,0,0" area="0.01033667,0.01033667,0,0.0006481686,0,0" />
          <Config massScale="0" partScale="0.5,0.5,0.5" />
          <Fuselage bottomScale="0.01891458,0.01891458" cornerRadiuses="0.497537,0.497537,0.497537,0.497537,0.497537,0.497537,0.497537,0.497537" offset="0,0.7248139,1.333351E-06" supportsXZOffset="true" topScale="0.02061858,0.02061858" />
        </Part>
        <Part id="68" partType="Strut1" position="0.8101836,0.2874786,-0.2187629" rotation="-1.024528E-05,101.3488,270" materials="4,4,4,4,4" symmetryId="8328355e-08a5-4b76-b751-33aa911dfe2e" texture="Default">
          <Drag drag="0.01013399,0.01013399,0,0,0,0" area="0.01033667,0.01033667,0,0,0,0" />
          <Config massScale="0" partScale="0.5,0.5,0.5" />
          <Fuselage bottomScale="0.1160809,0.1160809" cornerRadiuses="1,1,1,1,1,1,1,1" offset="0,0.7248139,1.333351E-06" supportsXZOffset="true" topScale="0.1160809,0.1160809" />
        </Part>
        <Part id="69" partType="Strut1" position="0.8116544,0.6624337,-0.5735087" rotation="1.035201E-05,191.3487,11" materials="4,4,4,4,4" symmetryId="b5ceb4d6-bef6-4ec2-909a-82660ebe73be" texture="Default">
          <Drag drag="0.01212025,0,0,4.066941E-05,0,0" area="0.02067334,0,0,0.0002160562,0,0" />
          <Config massScale="0" partScale="0.5,0.5,0.5" />
          <Fuselage bottomScale="0.0224666,0.0224666" cornerRadiuses="0.502463,0.502463,0.502463,0.502463,0.497537,0.497537,0.497537,0.497537" offset="0,0.7248139,1.333351E-06" supportsXZOffset="true" topScale="0.01986523,0.01986523" />
        </Part>
        <Part id="70" partType="Strut1" position="0.3702185,0.2910606,-0.4390569" rotation="359.6742,198.8328,272.4786" materials="4,4,4,4,4" symmetryId="0ebfa167-293f-4ca2-a200-58e9178133be" texture="Default">
          <Drag drag="0.007620761,0,0,0,0,0" area="0.01033667,0,0,0,0,0" />
          <Config massScale="0" partScale="0.5,0.5,0.5" />
          <Fuselage bottomScale="0.0224666,0.0224666" cornerRadiuses="0.502463,0.502463,0.502463,0.502463,0.497537,0.497537,0.497537,0.497537" offset="0,0.7248139,1.333351E-06" supportsXZOffset="true" topScale="0.01986523,0.01986523" />
        </Part>
        <Part id="71" partType="Strut1" position="0.4820381,0.289939,0.1473742" rotation="0.3810796,182.5855,272.4708" materials="4,4,4,4,4" symmetryId="8ca4d256-432b-4698-9e74-4f74748319c6" texture="Default">
          <Drag drag="0,0.01824118,0,0,0,0" area="0,0.02067334,0,0,0,0" />
          <Config massScale="0" partScale="0.5,0.5,0.5" />
          <Fuselage bottomScale="0.0224666,0.0224666" cornerRadiuses="0.497537,0.497537,0.497537,0.497537,0.497537,0.497537,0.497537,0.497537" offset="0,0.7248139,1.333351E-06" supportsXZOffset="true" topScale="0.01986523,0.01986523" />
        </Part>
      </Parts>
      <Connections>
        <Connection partA="3" partB="2" attachPointsA="2,4" attachPointsB="1,5" />
        <Connection partA="3" partB="4" attachPointsA="1,5" attachPointsB="2,4" />
        <Connection partA="20" partB="3" attachPointsA="3" attachPointsB="0" symmetryId="bf0029bc-60a7-4ae4-bf69-66957020758f" />
        <Connection partA="33" partB="3" attachPointsA="3" attachPointsB="0" symmetryId="bf0029bc-60a7-4ae4-bf69-66957020758f" />
        <Connection partA="46" partB="3" attachPointsA="3" attachPointsB="0" symmetryId="bf0029bc-60a7-4ae4-bf69-66957020758f" />
        <Connection partA="59" partB="3" attachPointsA="3" attachPointsB="0" symmetryId="bf0029bc-60a7-4ae4-bf69-66957020758f" />
        <Connection partA="5" partB="4" attachPointsA="0" attachPointsB="1" />
        <Connection partA="6" partB="4" attachPointsA="1" attachPointsB="5" />
        <Connection partA="8" partB="4" attachPointsA="1" attachPointsB="0" />
        <Connection partA="15" partB="4" attachPointsA="1" attachPointsB="0" />
        <Connection partA="7" partB="6" attachPointsA="1" attachPointsB="0" />
        <Connection partA="9" partB="8" attachPointsA="1" attachPointsB="2" />
        <Connection partA="10" partB="9" attachPointsA="1" attachPointsB="2" />
        <Connection partA="11" partB="10" attachPointsA="1" attachPointsB="2" />
        <Connection partA="12" partB="11" attachPointsA="1" attachPointsB="2" />
        <Connection partA="13" partB="12" attachPointsA="1" attachPointsB="2" />
        <Connection partA="14" partB="13" attachPointsA="1" attachPointsB="2" />
        <Connection partA="16" partB="15" attachPointsA="1" attachPointsB="2" />
        <Connection partA="17" partB="16" attachPointsA="1" attachPointsB="2" />
        <Connection partA="18" partB="17" attachPointsA="1" attachPointsB="2" />
        <Connection partA="19" partB="18" attachPointsA="1" attachPointsB="2" />
        <Connection partA="21" partB="20" attachPointsA="1,5" attachPointsB="2,4" symmetryId="624a2ccf-2de3-4298-aa30-8be7522c27d9" />
        <Connection partA="23" partB="20" attachPointsA="2,4" attachPointsB="1,5" symmetryId="d290595f-5de7-4184-9671-956780b12c16" />
        <Connection partA="22" partB="21" attachPointsA="1,5" attachPointsB="2,4" symmetryId="33685b07-2787-4f40-b201-46bfe7739187" />
        <Connection partA="24" partB="23" attachPointsA="2,4" attachPointsB="1,5" symmetryId="35a444e0-09e4-4ea2-a58c-1e84e5669b83" />
        <Connection partA="29" partB="23" attachPointsA="1" attachPointsB="0" symmetryId="a9e9c014-db3c-41dc-a3a0-51be17cad6a4" />
        <Connection partA="25" partB="24" attachPointsA="2,4" attachPointsB="1,5" symmetryId="ea1508eb-e99c-458a-82b2-9e77a0b22a95" />
        <Connection partA="28" partB="24" attachPointsA="1" attachPointsB="0" symmetryId="a3cff9de-53fb-4c82-b7f0-ea1e1ed595fe" />
        <Connection partA="26" partB="25" attachPointsA="2,4" attachPointsB="1,5" symmetryId="01428c72-3f04-47bf-8170-e29177d0d678" />
        <Connection partA="27" partB="26" attachPointsA="2,4" attachPointsB="1,5" symmetryId="d58be7b4-0d38-44a1-9bee-e67ed0ea7b16" />
        <Connection partA="30" partB="29" attachPointsA="1" attachPointsB="2" symmetryId="d7542259-a44e-46a9-baf5-a03aa2f1389a" />
        <Connection partA="31" partB="29" attachPointsA="1" attachPointsB="0" symmetryId="cdbb4a98-de54-4735-814f-1b83b2e11467" />
        <Connection partA="32" partB="29" attachPointsA="1" attachPointsB="0" symmetryId="db7c45e6-2b3a-426b-9a84-c96f2bf32568" />
        <Connection partA="34" partB="33" attachPointsA="1" attachPointsB="2" symmetryId="624a2ccf-2de3-4298-aa30-8be7522c27d9" />
        <Connection partA="36" partB="33" attachPointsA="2" attachPointsB="1" symmetryId="d290595f-5de7-4184-9671-956780b12c16" />
        <Connection partA="35" partB="34" attachPointsA="1" attachPointsB="2" symmetryId="33685b07-2787-4f40-b201-46bfe7739187" />
        <Connection partA="37" partB="36" attachPointsA="2" attachPointsB="1" symmetryId="35a444e0-09e4-4ea2-a58c-1e84e5669b83" />
        <Connection partA="42" partB="36" attachPointsA="1" attachPointsB="0" symmetryId="a9e9c014-db3c-41dc-a3a0-51be17cad6a4" />
        <Connection partA="38" partB="37" attachPointsA="2" attachPointsB="1" symmetryId="ea1508eb-e99c-458a-82b2-9e77a0b22a95" />
        <Connection partA="41" partB="37" attachPointsA="1" attachPointsB="0" symmetryId="a3cff9de-53fb-4c82-b7f0-ea1e1ed595fe" />
        <Connection partA="39" partB="38" attachPointsA="2" attachPointsB="1" symmetryId="01428c72-3f04-47bf-8170-e29177d0d678" />
        <Connection partA="40" partB="39" attachPointsA="2" attachPointsB="1" symmetryId="d58be7b4-0d38-44a1-9bee-e67ed0ea7b16" />
        <Connection partA="43" partB="42" attachPointsA="1" attachPointsB="2" symmetryId="d7542259-a44e-46a9-baf5-a03aa2f1389a" />
        <Connection partA="44" partB="42" attachPointsA="1" attachPointsB="0" symmetryId="cdbb4a98-de54-4735-814f-1b83b2e11467" />
        <Connection partA="45" partB="42" attachPointsA="1" attachPointsB="0" symmetryId="db7c45e6-2b3a-426b-9a84-c96f2bf32568" />
        <Connection partA="47" partB="46" attachPointsA="1" attachPointsB="2" symmetryId="624a2ccf-2de3-4298-aa30-8be7522c27d9" />
        <Connection partA="49" partB="46" attachPointsA="2" attachPointsB="1" symmetryId="d290595f-5de7-4184-9671-956780b12c16" />
        <Connection partA="48" partB="47" attachPointsA="1" attachPointsB="2" symmetryId="33685b07-2787-4f40-b201-46bfe7739187" />
        <Connection partA="50" partB="49" attachPointsA="2" attachPointsB="1" symmetryId="35a444e0-09e4-4ea2-a58c-1e84e5669b83" />
        <Connection partA="55" partB="49" attachPointsA="1" attachPointsB="0" symmetryId="a9e9c014-db3c-41dc-a3a0-51be17cad6a4" />
        <Connection partA="51" partB="50" attachPointsA="2" attachPointsB="1" symmetryId="ea1508eb-e99c-458a-82b2-9e77a0b22a95" />
        <Connection partA="54" partB="50" attachPointsA="1" attachPointsB="0" symmetryId="a3cff9de-53fb-4c82-b7f0-ea1e1ed595fe" />
        <Connection partA="52" partB="51" attachPointsA="2" attachPointsB="1" symmetryId="01428c72-3f04-47bf-8170-e29177d0d678" />
        <Connection partA="53" partB="52" attachPointsA="2" attachPointsB="1" symmetryId="d58be7b4-0d38-44a1-9bee-e67ed0ea7b16" />
        <Connection partA="56" partB="55" attachPointsA="1" attachPointsB="2" symmetryId="d7542259-a44e-46a9-baf5-a03aa2f1389a" />
        <Connection partA="57" partB="55" attachPointsA="1" attachPointsB="0" symmetryId="cdbb4a98-de54-4735-814f-1b83b2e11467" />
        <Connection partA="58" partB="55" attachPointsA="1" attachPointsB="0" symmetryId="db7c45e6-2b3a-426b-9a84-c96f2bf32568" />
        <Connection partA="60" partB="59" attachPointsA="1" attachPointsB="2" symmetryId="624a2ccf-2de3-4298-aa30-8be7522c27d9" />
        <Connection partA="62" partB="59" attachPointsA="2" attachPointsB="1" symmetryId="d290595f-5de7-4184-9671-956780b12c16" />
        <Connection partA="61" partB="60" attachPointsA="1" attachPointsB="2" symmetryId="33685b07-2787-4f40-b201-46bfe7739187" />
        <Connection partA="63" partB="62" attachPointsA="2" attachPointsB="1" symmetryId="35a444e0-09e4-4ea2-a58c-1e84e5669b83" />
        <Connection partA="68" partB="62" attachPointsA="1" attachPointsB="0" symmetryId="a9e9c014-db3c-41dc-a3a0-51be17cad6a4" />
        <Connection partA="64" partB="63" attachPointsA="2" attachPointsB="1" symmetryId="ea1508eb-e99c-458a-82b2-9e77a0b22a95" />
        <Connection partA="67" partB="63" attachPointsA="1" attachPointsB="0" symmetryId="a3cff9de-53fb-4c82-b7f0-ea1e1ed595fe" />
        <Connection partA="65" partB="64" attachPointsA="2" attachPointsB="1" symmetryId="01428c72-3f04-47bf-8170-e29177d0d678" />
        <Connection partA="66" partB="65" attachPointsA="2" attachPointsB="1" symmetryId="d58be7b4-0d38-44a1-9bee-e67ed0ea7b16" />
        <Connection partA="69" partB="68" attachPointsA="1" attachPointsB="2" symmetryId="d7542259-a44e-46a9-baf5-a03aa2f1389a" />
        <Connection partA="70" partB="68" attachPointsA="1" attachPointsB="0" symmetryId="cdbb4a98-de54-4735-814f-1b83b2e11467" />
        <Connection partA="71" partB="68" attachPointsA="1" attachPointsB="0" symmetryId="db7c45e6-2b3a-426b-9a84-c96f2bf32568" />
      </Connections>
      <Collisions />
      <Bodies />
    </Assembly>
  </DesignerPart>
</DesignerParts>